timestamp,cpu_percent,memory_percent,memory_used_mb,server_cpu,server_mem_mb,db_connections,net_sent_mb,net_recv_mb
2026-01-07T18:34:55.476791,30.0,20.6,3301.484375,0.0,32.875,19,0.0,0.0
2026-01-07T18:34:56.549691,79.4,21.1,3375.203125,0.0,32.875,19,0.22934341430664062,0.3485603332519531
2026-01-07T18:34:57.758021,77.5,21.4,3419.015625,0.0,32.875,19,0.29189109802246094,0.3972969055175781
2026-01-07T18:34:58.951582,27.4,21.8,3484.57421875,0.0,32.875,19,0.46276092529296875,0.4393424987792969
2026-01-07T18:35:00.001200,12.0,21.9,3505.30078125,0.0,32.875,19,0.4869050979614258,0.48117637634277344
2026-01-07T18:35:01.093239,13.8,21.9,3501.76953125,0.0,32.875,19,0.836216926574707,0.8084602355957031
2026-01-07T18:35:02.146966,3.1,21.9,3501.9609375,0.0,32.875,19,0.8452730178833008,0.8260364532470703
2026-01-07T18:35:03.201894,8.9,21.9,3502.1015625,0.0,32.875,19,0.8688516616821289,0.8542366027832031
2026-01-07T18:35:04.252735,2.1,21.9,3496.5078125,0.0,32.875,19,0.8782854080200195,0.8725805282592773
2026-01-07T18:35:05.302855,1.9,21.8,3487.6953125,0.0,32.875,19,0.8877334594726562,0.8929738998413086
2026-01-07T18:35:06.357765,4.5,21.8,3489.7265625,0.0,32.875,19,0.9059858322143555,0.9253759384155273
2026-01-07T18:35:07.404200,4.3,21.8,3494.2421875,0.0,32.875,19,0.9292774200439453,0.9551515579223633
2026-01-07T18:35:08.452068,3.1,21.9,3497.78515625,0.0,32.875,19,0.9857234954833984,0.9999675750732422
2026-01-07T18:35:09.502285,2.1,21.9,3502.21484375,0.0,32.875,19,0.9942903518676758,1.0173721313476562
2026-01-07T18:35:10.553895,2.2,21.9,3495.5546875,0.0,32.875,19,1.015939712524414,1.0437602996826172
2026-01-07T18:35:11.599209,2.9,21.9,3496.87890625,0.0,32.875,19,1.0245895385742188,1.0600433349609375
2026-01-07T18:35:12.655591,2.4,21.8,3491.2109375,0.0,32.875,19,1.0337333679199219,1.0806951522827148
2026-01-07T18:35:13.713026,2.1,21.8,3490.67578125,0.0,32.875,19,1.0419950485229492,1.0988874435424805
2026-01-07T18:35:14.765501,2.1,21.8,3490.53515625,0.0,32.875,19,1.0505237579345703,1.1168498992919922
2026-01-07T18:35:15.813101,2.1,21.8,3490.734375,0.0,32.875,19,1.0594367980957031,1.1387195587158203
2026-01-07T18:35:16.863076,2.4,21.8,3492.39453125,0.0,32.875,19,1.0684881210327148,1.1562604904174805
2026-01-07T18:35:17.913108,3.8,21.8,3491.453125,0.0,32.875,19,1.1912040710449219,1.1858863830566406
2026-01-07T18:35:18.963881,2.4,21.8,3489.41796875,0.0,32.875,19,1.246755599975586,1.2171401977539062
2026-01-07T18:35:20.024690,1.9,21.8,3491.7734375,0.0,32.875,19,1.2552757263183594,1.2422447204589844
2026-01-07T18:35:21.073919,2.1,21.4,3430.28125,0.0,32.875,19,1.264312744140625,1.2629222869873047
2026-01-07T18:35:22.124357,3.1,21.4,3422.7265625,0.0,32.875,19,1.2727651596069336,1.2810773849487305
2026-01-07T18:35:23.176416,1.9,21.4,3428.60546875,0.0,32.875,19,1.281907081604004,1.3017282485961914
2026-01-07T18:35:24.227869,1.7,21.4,3427.984375,0.0,32.875,19,1.2905311584472656,1.323312759399414
2026-01-07T18:35:25.283206,2.1,21.4,3427.60546875,0.0,32.875,19,1.2993593215942383,1.3531084060668945
2026-01-07T18:35:26.334345,1.9,21.4,3427.9140625,0.0,32.875,19,1.3080205917358398,1.3777093887329102
2026-01-07T18:35:27.385386,3.1,21.4,3428.00390625,0.0,32.875,19,1.3191652297973633,1.4026002883911133
2026-01-07T18:35:28.439480,3.6,21.4,3423.54296875,0.0,32.875,19,1.5030641555786133,1.4546575546264648
2026-01-07T18:35:29.498258,2.1,21.3,3412.453125,0.0,32.875,19,1.511631965637207,1.4723701477050781
2026-01-07T18:35:30.547336,1.9,21.3,3413.3203125,0.0,32.875,19,1.5206670761108398,1.4984235763549805
2026-01-07T18:35:31.599037,2.6,21.3,3409.73046875,0.0,32.875,19,1.5295934677124023,1.518545150756836
2026-01-07T18:35:32.647617,1.7,21.3,3408.09765625,0.0,32.875,19,1.5380535125732422,1.5348482131958008
2026-01-07T18:35:33.699814,1.9,21.3,3407.5546875,0.0,32.875,19,1.5474662780761719,1.582352638244629
2026-01-07T18:35:34.768321,2.8,21.3,3411.3125,0.0,32.875,19,1.555750846862793,1.5992231369018555
2026-01-07T18:35:35.819661,1.9,21.3,3411.55859375,0.0,32.875,19,1.5648193359375,1.6166572570800781
2026-01-07T18:35:36.871804,2.6,21.3,3412.171875,0.0,32.875,19,1.5738105773925781,1.6335535049438477
2026-01-07T18:35:37.927236,4.8,21.3,3413.58984375,0.0,32.875,19,1.708998680114746,1.6621465682983398
2026-01-07T18:35:38.983023,1.9,21.4,3418.47265625,0.0,32.875,19,1.7176933288574219,1.677886962890625
2026-01-07T18:35:40.039903,1.9,21.3,3412.3125,0.0,32.875,19,1.7266483306884766,1.6967401504516602
2026-01-07T18:35:41.089701,1.9,21.3,3412.63671875,0.0,32.875,19,1.7389764785766602,1.7175359725952148
2026-01-07T18:35:42.145611,2.8,21.3,3412.890625,0.0,32.875,19,1.7474374771118164,1.7339916229248047
2026-01-07T18:35:43.196960,1.9,21.3,3409.59765625,0.0,32.875,19,1.7561273574829102,1.7514886856079102
2026-01-07T18:35:44.250792,1.9,21.3,3411.5390625,0.0,32.875,19,1.7654399871826172,1.7713088989257812
2026-01-07T18:35:45.302604,2.1,21.3,3413.11328125,0.0,32.875,19,1.7747554779052734,1.7903432846069336
2026-01-07T18:35:46.360652,2.1,21.3,3412.95703125,0.0,32.875,19,1.783620834350586,1.8058032989501953
2026-01-07T18:35:47.412018,3.6,21.4,3415.91796875,0.0,32.875,19,1.7924318313598633,1.8253602981567383
2026-01-07T18:35:48.462240,2.6,21.3,3413.76953125,0.0,32.875,19,1.8775768280029297,1.869180679321289
2026-01-07T18:35:49.520115,2.1,21.4,3419.26953125,0.0,32.875,19,1.8860969543457031,1.8854045867919922
2026-01-07T18:35:50.573033,8.1,21.5,3440.80859375,0.0,32.875,19,1.8949193954467773,1.9057579040527344
2026-01-07T18:35:51.627769,4.0,21.5,3441.06640625,0.0,32.875,19,1.9043502807617188,1.923187255859375
2026-01-07T18:35:52.677898,1.9,21.4,3426.01953125,0.0,32.875,19,1.9130849838256836,1.9402637481689453
2026-01-07T18:35:53.727366,1.9,21.4,3417.88671875,0.0,32.875,19,1.9215211868286133,1.9608831405639648
2026-01-07T18:35:54.789342,2.6,21.3,3413.26953125,0.0,32.875,19,1.930729866027832,1.9815483093261719
2026-01-07T18:35:55.840617,2.6,21.4,3419.734375,0.0,32.875,19,1.9404335021972656,2.006561279296875
2026-01-07T18:35:56.889745,2.4,21.4,3416.7890625,0.0,32.875,19,1.9495763778686523,2.0250444412231445
2026-01-07T18:35:57.942803,3.8,21.4,3421.20703125,0.0,32.875,18,2.0877294540405273,2.0722475051879883
2026-01-07T18:35:58.992959,2.6,21.4,3416.33203125,0.0,32.875,18,2.146900177001953,2.0978851318359375
2026-01-07T18:36:00.041955,1.7,21.3,3412.41015625,0.0,32.875,18,2.156247138977051,2.1183061599731445
2026-01-07T18:36:01.095495,2.4,21.3,3412.28125,0.0,32.875,18,2.165254592895508,2.1345949172973633
2026-01-07T18:36:02.157141,2.8,21.3,3412.39453125,0.0,32.875,18,2.173847198486328,2.1494617462158203
2026-01-07T18:36:03.218795,2.6,21.4,3416.8671875,0.0,32.875,18,2.1825122833251953,2.1734304428100586
2026-01-07T18:36:04.272136,2.4,21.4,3418.32421875,0.0,32.875,18,2.19107723236084,2.1922521591186523
2026-01-07T18:36:05.325116,2.1,21.4,3417.82421875,0.0,32.875,18,2.2006750106811523,2.2124557495117188
2026-01-07T18:36:06.387309,2.4,21.4,3417.76953125,0.0,32.875,18,2.209710121154785,2.2301511764526367
2026-01-07T18:36:07.456201,3.8,21.4,3419.421875,0.0,32.875,18,2.21822452545166,2.24849796295166
2026-01-07T18:36:08.506006,3.8,21.4,3426.51953125,0.0,32.875,19,2.405989646911621,2.3230276107788086
2026-01-07T18:36:09.558054,4.5,21.4,3427.75390625,0.0,32.875,19,2.4144535064697266,2.3389816284179688
2026-01-07T18:36:10.605031,2.2,21.4,3423.16015625,0.0,32.875,19,2.428818702697754,2.3662023544311523
2026-01-07T18:36:11.654124,3.1,21.4,3423.09375,0.0,32.875,19,2.437922477722168,2.389230728149414
2026-01-07T18:36:12.712133,2.1,21.4,3418.78515625,0.0,32.875,19,2.446491241455078,2.409290313720703
2026-01-07T18:36:13.765206,2.1,21.4,3423.984375,0.0,32.875,19,2.455132484436035,2.427828788757324
2026-01-07T18:36:14.821695,1.9,21.4,3421.9921875,0.0,32.875,19,2.46408748626709,2.44710636138916
2026-01-07T18:36:15.874849,1.9,21.4,3421.9921875,0.0,32.875,19,2.4740962982177734,2.4638843536376953
2026-01-07T18:36:16.922947,2.2,21.4,3419.91796875,0.0,32.875,19,2.4828901290893555,2.481616973876953
2026-01-07T18:36:17.978313,2.6,21.4,3419.3359375,0.0,32.875,19,2.508183479309082,2.5060958862304688
2026-01-07T18:36:19.024687,1.9,21.3,3409.00390625,0.0,32.875,18,2.516887664794922,2.5222177505493164
2026-01-07T18:36:20.082491,2.6,21.3,3400.0,0.0,32.875,18,2.5261030197143555,2.5391416549682617
2026-01-07T18:36:21.134919,1.9,21.3,3400.40234375,0.0,32.875,18,2.535001754760742,2.560126304626465
2026-01-07T18:36:22.184954,2.6,21.3,3402.69921875,0.0,32.875,18,2.543630599975586,2.5799665451049805
2026-01-07T18:36:23.236430,2.4,21.3,3402.66796875,0.0,32.875,18,2.5525999069213867,2.603067398071289
2026-01-07T18:36:24.285940,1.9,21.3,3402.51171875,0.0,32.875,18,2.5611095428466797,2.625131607055664
2026-01-07T18:36:25.338320,9.2,21.1,3377.11328125,0.0,32.875,18,2.570319175720215,2.6524791717529297
2026-01-07T18:36:26.389344,6.7,21.1,3382.37890625,0.0,32.875,18,2.5791120529174805,2.673853874206543
2026-01-07T18:36:27.439364,3.3,21.1,3380.30859375,0.0,32.875,18,2.5876426696777344,2.6950454711914062
2026-01-07T18:36:28.488961,3.6,21.1,3376.53515625,0.0,32.875,19,2.7743005752563477,2.7454538345336914
2026-01-07T18:36:29.541211,2.1,21.1,3379.66796875,0.0,32.875,19,2.7829017639160156,2.7604026794433594
2026-01-07T18:36:30.591232,1.9,21.1,3379.734375,0.0,32.875,19,2.7919702529907227,2.779460906982422
2026-01-07T18:36:31.641517,2.6,21.2,3385.484375,0.0,32.875,19,2.800546646118164,2.798367500305176
2026-01-07T18:36:32.691888,1.9,21.2,3384.8125,0.0,32.875,19,2.809408187866211,2.8209962844848633
2026-01-07T18:36:33.741465,1.9,21.2,3385.109375,0.0,32.875,19,2.8181018829345703,2.844205856323242
2026-01-07T18:36:34.790548,2.2,21.2,3384.9609375,0.0,32.875,19,2.8266191482543945,2.872640609741211
2026-01-07T18:36:35.841300,1.9,21.2,3384.8046875,0.0,32.875,19,2.8358154296875,2.898064613342285
2026-01-07T18:36:36.908875,3.1,21.2,3386.328125,0.0,32.875,19,2.8444862365722656,2.918198585510254
2026-01-07T18:36:37.962388,2.6,21.2,3385.37890625,0.0,32.875,19,2.8842058181762695,2.9574718475341797
2026-01-07T18:36:39.017881,2.4,21.2,3384.30078125,0.0,32.875,19,2.8935489654541016,3.0057811737060547
2026-01-07T18:36:40.066914,1.9,21.2,3384.14453125,0.0,32.875,19,2.9028940200805664,3.028329849243164
2026-01-07T18:36:41.115927,1.9,21.2,3384.234375,0.0,32.875,19,2.9119033813476562,3.0449609756469727
2026-01-07T18:36:42.165295,2.6,21.2,3386.54296875,0.0,32.875,19,2.9201860427856445,3.0650711059570312
2026-01-07T18:36:43.216487,2.1,21.1,3381.1171875,0.0,32.875,19,2.9285688400268555,3.0860366821289062
2026-01-07T18:36:44.267855,1.7,21.1,3380.98046875,0.0,32.875,19,2.9369640350341797,3.104602813720703
2026-01-07T18:36:45.319767,1.9,21.1,3380.83984375,0.0,32.875,19,2.9460315704345703,3.1249771118164062
2026-01-07T18:36:46.367705,1.9,21.2,3385.35546875,0.0,32.875,19,2.954702377319336,3.1464710235595703
2026-01-07T18:36:47.422911,2.9,21.2,3385.453125,0.0,32.875,19,2.963362693786621,3.165165901184082
2026-01-07T18:36:48.469891,3.3,21.2,3385.4375,0.0,32.875,19,3.147045135498047,3.2102622985839844
2026-01-07T18:36:49.518303,1.7,21.1,3380.78515625,0.0,32.875,19,3.1557579040527344,3.2308759689331055
2026-01-07T18:36:50.579250,2.1,21.1,3380.828125,0.0,32.875,19,3.1654443740844727,3.250274658203125
2026-01-07T18:36:51.626564,2.6,21.2,3387.54296875,0.0,32.875,19,3.1741952896118164,3.2739219665527344
2026-01-07T18:36:52.674615,1.7,21.2,3386.5859375,0.0,32.875,19,3.1829586029052734,3.2930984497070312
2026-01-07T18:36:53.725175,1.9,21.2,3386.4765625,0.0,32.875,19,3.19173526763916,3.310978889465332
2026-01-07T18:36:54.776333,1.7,21.1,3380.3984375,0.0,32.875,19,3.199843406677246,3.334369659423828
2026-01-07T18:36:55.823804,1.7,21.1,3381.09765625,0.0,32.875,19,3.2090625762939453,3.3584604263305664
2026-01-07T18:36:56.871661,2.6,21.2,3383.328125,0.0,32.875,19,3.218128204345703,3.381136894226074
2026-01-07T18:36:57.919752,3.1,21.2,3383.7109375,0.0,32.875,19,3.3561458587646484,3.4234981536865234
2026-01-07T18:36:58.967698,1.7,21.2,3383.1640625,0.0,32.875,19,3.3645591735839844,3.4427928924560547
2026-01-07T18:37:00.017734,1.9,21.2,3382.79296875,0.0,32.875,19,3.373650550842285,3.469252586364746
2026-01-07T18:37:01.078245,2.6,21.2,3387.80859375,0.0,32.875,19,3.382658004760742,3.491304397583008
2026-01-07T18:37:02.130167,3.1,21.2,3389.86328125,0.0,32.875,19,3.3942575454711914,3.5153160095214844
2026-01-07T18:37:03.180731,1.9,21.2,3389.328125,0.0,32.875,19,3.402942657470703,3.533489227294922
2026-01-07T18:37:04.229962,1.7,21.2,3388.0,0.0,32.875,19,3.4116430282592773,3.5495920181274414
2026-01-07T18:37:05.281558,1.7,21.2,3387.70703125,0.0,32.875,19,3.420930862426758,3.5693225860595703
2026-01-07T18:37:06.340073,1.9,21.2,3387.30859375,0.0,32.875,19,3.4299449920654297,3.588033676147461
2026-01-07T18:37:07.393173,3.1,21.2,3388.65234375,0.0,32.875,19,3.4387588500976562,3.6103763580322266
2026-01-07T18:37:08.449475,3.1,21.1,3373.39453125,0.0,32.875,17,3.5093250274658203,3.637664794921875
2026-01-07T18:37:09.499567,1.7,21.1,3373.83984375,0.0,32.875,17,3.518033027648926,3.6531009674072266
2026-01-07T18:37:10.548395,1.4,21.1,3370.85546875,0.0,32.875,17,3.527092933654785,3.6712093353271484
2026-01-07T18:37:11.597110,2.6,21.1,3369.6171875,0.0,32.875,17,3.536062240600586,3.687422752380371
2026-01-07T18:37:12.648318,1.9,21.1,3370.03515625,0.0,32.875,17,3.5452213287353516,3.7063989639282227
2026-01-07T18:37:13.698014,1.9,21.0,3366.31640625,0.0,32.875,17,3.554035186767578,3.7239675521850586
2026-01-07T18:37:14.752906,1.7,21.1,3367.1796875,0.0,32.875,17,3.5633163452148438,3.746640205383301
2026-01-07T18:37:15.810080,2.4,21.1,3367.6640625,0.0,32.875,17,3.57528018951416,3.768911361694336
2026-01-07T18:37:16.858066,2.6,21.1,3368.73046875,0.0,32.875,17,3.5860042572021484,3.7913827896118164
2026-01-07T18:37:17.912747,3.8,21.1,3371.9296875,0.0,32.875,19,3.681033134460449,3.838357925415039
2026-01-07T18:37:18.961128,2.4,21.1,3371.2421875,0.0,32.875,19,3.782393455505371,3.8696470260620117
2026-01-07T18:37:20.011927,1.7,21.1,3371.1015625,0.0,32.875,19,3.7912397384643555,3.890453338623047
2026-01-07T18:37:21.070540,1.9,21.1,3369.3203125,0.0,32.875,19,3.8004684448242188,3.915816307067871
2026-01-07T18:37:22.121139,2.4,21.1,3373.35546875,0.0,32.875,19,3.809297561645508,3.934528350830078
2026-01-07T18:37:23.171212,2.1,21.1,3375.046875,0.0,32.875,19,3.818631172180176,3.952066421508789
2026-01-07T18:37:24.221137,1.9,21.1,3374.21484375,0.0,32.875,19,3.8272581100463867,3.9715518951416016
2026-01-07T18:37:25.269730,1.4,21.1,3374.2421875,0.0,32.875,19,3.8362226486206055,3.9929018020629883
2026-01-07T18:37:26.319980,1.9,21.1,3373.90625,0.0,32.875,19,3.8452682495117188,4.021711349487305
2026-01-07T18:37:27.368901,2.4,21.1,3373.30859375,0.0,32.875,19,3.8541650772094727,4.0444536209106445
2026-01-07T18:37:28.416610,2.6,21.1,3374.82421875,0.0,32.875,18,3.8946714401245117,4.089811325073242
2026-01-07T18:37:29.465872,1.9,21.1,3373.60546875,0.0,32.875,18,3.904250144958496,4.110276222229004
2026-01-07T18:37:30.517470,1.7,21.0,3363.68359375,0.0,32.875,18,3.913196563720703,4.129064559936523
2026-01-07T18:37:31.566930,2.4,21.0,3365.72265625,0.0,32.875,18,3.9223451614379883,4.153441429138184
2026-01-07T18:37:32.619022,1.9,21.0,3366.15625,0.0,32.875,18,3.9308080673217773,4.172344207763672
2026-01-07T18:37:33.674520,2.1,21.0,3365.19921875,0.0,32.875,18,3.93924617767334,4.188857078552246
2026-01-07T18:37:34.722345,2.4,21.0,3364.41015625,0.0,32.875,18,3.948521614074707,4.206354141235352
2026-01-07T18:37:35.777187,4.3,21.0,3365.58984375,0.0,32.875,18,3.9736852645874023,4.233803749084473
2026-01-07T18:37:36.823484,2.4,21.0,3365.8046875,0.0,32.875,18,3.986905097961426,4.255925178527832
2026-01-07T18:37:37.875651,3.3,21.0,3365.578125,0.0,32.875,19,4.110126495361328,4.279436111450195
2026-01-07T18:37:38.922380,1.9,21.1,3369.38671875,0.0,32.875,19,4.166196823120117,4.304605484008789
2026-01-07T18:37:39.972656,1.9,21.1,3369.23046875,0.0,32.875,19,4.175298690795898,4.321516990661621
2026-01-07T18:37:41.022210,1.9,21.1,3369.3125,0.0,32.875,19,4.184099197387695,4.34033203125
2026-01-07T18:37:42.071422,2.4,21.1,3371.12109375,0.0,32.875,19,4.192530632019043,4.3592939376831055
2026-01-07T18:37:43.121061,2.1,21.1,3371.66015625,0.0,32.875,19,4.201175689697266,4.376660346984863
2026-01-07T18:37:44.173067,1.7,21.1,3370.9609375,0.0,32.875,19,4.209749221801758,4.392701148986816
2026-01-07T18:37:45.225509,1.9,21.1,3372.66015625,0.0,32.875,19,4.218806266784668,4.414621353149414
2026-01-07T18:37:46.276373,1.9,21.1,3372.5078125,0.0,32.875,19,4.228489875793457,4.430316925048828
2026-01-07T18:37:47.324315,2.6,21.1,3371.3359375,0.0,32.875,19,4.2370500564575195,4.448112487792969
2026-01-07T18:37:48.375678,3.1,21.1,3369.96484375,0.0,32.875,19,4.42014217376709,4.494556427001953
2026-01-07T18:37:49.432516,2.1,21.1,3369.44140625,0.0,32.875,19,4.428718566894531,4.5163774490356445
2026-01-07T18:37:50.481058,1.9,21.1,3368.859375,0.0,32.875,19,4.437633514404297,4.533661842346191
2026-01-07T18:37:51.529280,2.6,21.1,3369.39453125,0.0,32.875,19,4.446505546569824,4.5532073974609375
2026-01-07T18:37:52.581481,2.1,21.1,3372.86328125,0.0,32.875,19,4.455472946166992,4.571260452270508
2026-01-07T18:37:53.629357,1.7,21.1,3372.72265625,0.0,32.875,19,4.463849067687988,4.588245391845703
2026-01-07T18:37:54.678442,3.3,21.1,3376.4453125,0.0,32.875,19,4.476387977600098,4.611691474914551
2026-01-07T18:37:55.729026,2.1,21.1,3375.92578125,0.0,32.875,19,4.491223335266113,4.641049385070801
2026-01-07T18:37:56.778720,3.8,21.1,3375.66015625,0.0,32.875,19,4.501873016357422,4.663415908813477
2026-01-07T18:37:57.828236,2.6,21.1,3375.98828125,0.0,32.875,19,4.526646614074707,4.68443489074707
2026-01-07T18:37:58.876538,1.9,21.1,3382.44140625,0.0,32.875,19,4.535585403442383,4.707679748535156
2026-01-07T18:37:59.925406,1.7,21.1,3378.59375,0.0,32.875,19,4.544321060180664,4.731740951538086
2026-01-07T18:38:00.973065,2.4,21.1,3380.0078125,0.0,32.875,19,4.553247451782227,4.751382827758789
2026-01-07T18:38:02.031190,2.8,21.1,3380.58984375,0.0,32.875,19,4.5619001388549805,4.767473220825195
2026-01-07T18:38:03.085886,1.9,21.1,3379.81640625,0.0,32.875,19,4.570661544799805,4.784675598144531
2026-01-07T18:38:04.138884,1.7,21.1,3377.87890625,0.0,32.875,19,4.579291343688965,4.806482315063477
2026-01-07T18:38:05.189019,1.9,21.1,3377.7734375,0.0,32.875,19,4.588501930236816,4.828037261962891
2026-01-07T18:38:06.238914,1.7,21.1,3377.62109375,0.0,32.875,19,4.597294807434082,4.845830917358398
2026-01-07T18:38:07.293801,2.9,21.1,3377.9765625,0.0,32.875,19,4.605956077575684,4.86578369140625
2026-01-07T18:38:08.342731,3.6,21.1,3377.60546875,0.0,32.875,19,4.790307998657227,4.912646293640137
2026-01-07T18:38:09.391864,1.9,21.1,3381.62890625,0.0,32.875,19,4.798935890197754,4.928086280822754
2026-01-07T18:38:10.447128,1.9,21.1,3381.6484375,0.0,32.875,19,4.80826473236084,4.945433616638184
2026-01-07T18:38:11.495664,2.4,21.1,3380.3828125,0.0,32.875,19,4.817134857177734,4.96395206451416
2026-01-07T18:38:12.545760,1.9,21.1,3375.9140625,0.0,32.875,19,4.825359344482422,4.984140396118164
2026-01-07T18:38:13.594325,1.9,21.1,3375.44921875,0.0,32.875,19,4.833941459655762,5.004819869995117
2026-01-07T18:38:14.643440,1.7,21.1,3375.69140625,0.0,32.875,19,4.84244441986084,5.023344039916992
2026-01-07T18:38:15.694577,1.9,21.1,3375.59375,0.0,32.875,19,4.851470947265625,5.039918899536133
2026-01-07T18:38:16.751549,2.6,21.1,3378.07421875,0.0,32.875,19,4.860320091247559,5.056933403015137
2026-01-07T18:38:17.805311,2.8,21.1,3376.53515625,0.0,32.875,18,4.888360977172852,5.080840110778809
2026-01-07T18:38:18.851606,1.9,21.1,3370.6328125,0.0,32.875,18,4.897426605224609,5.10353946685791
2026-01-07T18:38:19.901044,1.7,21.1,3370.7109375,0.0,32.875,18,4.9064483642578125,5.122194290161133
2026-01-07T18:38:20.952662,1.9,21.1,3372.0625,0.0,32.875,18,4.915254592895508,5.140130043029785
2026-01-07T18:38:22.002093,2.4,21.1,3372.97265625,0.0,32.875,18,4.923815727233887,5.160190582275391
2026-01-07T18:38:23.048008,1.9,21.1,3373.046875,0.0,32.875,18,4.9322099685668945,5.182714462280273
2026-01-07T18:38:24.099624,1.7,21.0,3365.66796875,0.0,32.875,18,4.940960884094238,5.206849098205566
2026-01-07T18:38:25.157256,1.9,21.1,3372.01953125,0.0,32.875,18,4.949936866760254,5.229436874389648
2026-01-07T18:38:26.208721,1.9,21.1,3372.8515625,0.0,32.875,18,4.958934783935547,5.2620391845703125
2026-01-07T18:38:27.260421,3.1,21.1,3372.54296875,0.0,32.875,18,4.967375755310059,5.281245231628418
2026-01-07T18:38:28.319061,4.3,21.1,3372.34765625,0.0,32.875,19,5.152410507202148,5.330147743225098
2026-01-07T18:38:29.371018,2.1,21.1,3374.15625,0.0,32.875,19,5.160935401916504,5.349830627441406
2026-01-07T18:38:30.419815,1.7,21.1,3377.7578125,0.0,32.875,19,5.171064376831055,5.367281913757324
2026-01-07T18:38:31.467197,2.4,21.1,3376.91796875,0.0,32.875,19,5.179924964904785,5.384331703186035
2026-01-07T18:38:32.517937,1.9,21.1,3371.0,0.0,32.875,19,5.188616752624512,5.40435791015625
2026-01-07T18:38:33.565073,1.7,21.1,3370.75,0.0,32.875,19,5.1971330642700195,5.426273345947266
2026-01-07T18:38:34.613451,5.5,21.1,3368.05078125,0.0,32.875,19,5.22202205657959,5.465579032897949
2026-01-07T18:38:35.662104,1.9,21.1,3369.98828125,0.0,32.875,19,5.239897727966309,5.505277633666992
2026-01-07T18:38:36.718182,2.9,21.1,3372.98828125,0.0,32.875,19,5.2508039474487305,5.532893180847168
2026-01-07T18:38:37.766496,2.4,21.1,3371.38671875,0.0,32.875,19,5.290956497192383,5.572139739990234
2026-01-07T18:38:38.815611,31.1,21.8,3494.0078125,0.0,32.875,19,5.31622314453125,5.642338752746582
2026-01-07T18:38:39.960963,25.6,22.0,3512.30078125,0.0,32.875,19,5.516585350036621,5.680142402648926
2026-01-07T18:38:41.016215,2.8,21.9,3507.56640625,0.0,32.875,19,5.534409523010254,5.705436706542969
2026-01-07T18:38:42.064145,2.6,21.9,3501.66796875,0.0,32.875,19,5.543050765991211,5.721710205078125
2026-01-07T18:38:43.112484,2.4,21.9,3499.0234375,0.0,32.875,19,5.55264949798584,5.742913246154785
2026-01-07T18:38:44.165722,2.9,21.9,3501.95703125,0.0,32.875,19,5.566020965576172,5.767889976501465
2026-01-07T18:38:45.213027,2.9,21.9,3500.98828125,0.0,32.875,19,5.588597297668457,5.8006744384765625
2026-01-07T18:38:46.264175,4.1,21.9,3502.19140625,0.0,32.875,19,5.796907424926758,5.824554443359375
2026-01-07T18:38:47.315406,2.6,21.9,3504.41796875,0.0,32.875,19,5.805580139160156,5.842452049255371
2026-01-07T18:38:48.363185,3.6,21.9,3500.515625,0.0,32.875,19,5.9757843017578125,5.873627662658691
2026-01-07T18:38:49.411591,2.2,21.9,3496.22265625,0.0,32.875,19,5.988725662231445,5.89747428894043
2026-01-07T18:38:50.461658,2.4,21.9,3495.8046875,0.0,32.875,19,6.002702713012695,5.920361518859863
2026-01-07T18:38:51.510808,5.3,21.9,3497.84765625,0.0,32.875,19,6.2288665771484375,5.955029487609863
2026-01-07T18:38:52.561435,1.9,21.9,3499.64453125,0.0,32.875,19,6.237658500671387,5.978776931762695
2026-01-07T18:38:53.613556,1.7,21.9,3501.87890625,0.0,32.875,19,6.246369361877441,5.994115829467773
2026-01-07T18:38:54.662222,2.4,21.9,3503.53515625,0.0,32.875,19,6.2730560302734375,6.020564079284668
2026-01-07T18:38:55.711225,2.1,21.9,3504.515625,0.0,32.875,19,6.283036231994629,6.046797752380371
2026-01-07T18:38:56.761989,3.3,21.9,3508.26953125,0.0,32.875,19,6.299825668334961,6.075902938842773
2026-01-07T18:38:57.810220,7.5,22.0,3513.390625,0.0,32.875,19,6.593664169311523,6.144804000854492
2026-01-07T18:38:58.859637,3.1,22.0,3514.19140625,0.0,32.875,19,6.620760917663574,6.166095733642578
2026-01-07T18:38:59.907645,1.7,22.0,3512.33203125,0.0,32.875,19,6.62943172454834,6.184830665588379
2026-01-07T18:39:00.955504,2.4,22.0,3512.60546875,0.0,32.875,19,6.638680458068848,6.211481094360352
2026-01-07T18:39:02.005021,2.4,22.0,3516.1640625,0.0,32.875,19,6.64830207824707,6.235944747924805
2026-01-07T18:39:03.054600,3.3,22.0,3517.125,0.0,32.875,19,6.662569046020508,6.264598846435547
2026-01-07T18:39:04.103125,2.4,22.0,3516.55859375,0.0,32.875,19,6.674238204956055,6.285557746887207
2026-01-07T18:39:05.149139,6.5,22.0,3521.30859375,0.0,32.875,19,6.901789665222168,6.321358680725098
2026-01-07T18:39:06.199170,6.2,22.0,3520.234375,0.0,32.875,19,6.924136161804199,6.354978561401367
2026-01-07T18:39:07.246189,4.5,22.0,3521.5859375,0.0,32.875,19,6.942222595214844,6.382737159729004
2026-01-07T18:39:08.366742,72.6,22.0,3521.015625,0.0,32.875,19,7.112915992736816,6.417991638183594
2026-01-07T18:39:09.416213,29.0,23.2,3714.63671875,0.0,32.875,24,7.348674774169922,6.479405403137207
2026-01-07T18:39:10.485673,23.5,23.5,3761.95703125,0.0,32.875,24,7.408668518066406,6.513702392578125
2026-01-07T18:39:11.533537,18.0,23.5,3759.39453125,0.0,32.875,24,7.418021202087402,6.530764579772949
2026-01-07T18:39:12.584315,3.6,23.5,3757.125,0.0,32.875,24,7.432248115539551,6.55070686340332
2026-01-07T18:39:13.633830,2.9,23.5,3758.57421875,0.0,32.875,24,7.448858261108398,6.584992408752441
2026-01-07T18:39:14.682447,3.6,23.5,3754.16796875,0.0,32.875,24,7.470489501953125,6.615370750427246
2026-01-07T18:39:15.736381,2.6,23.5,3754.39453125,0.0,32.875,24,7.494390487670898,6.637779235839844
2026-01-07T18:39:16.783905,2.6,23.5,3754.359375,0.0,32.875,24,7.503698348999023,6.657557487487793
2026-01-07T18:39:17.836314,2.9,23.4,3743.96484375,0.0,32.875,24,7.551068305969238,6.70439338684082
2026-01-07T18:39:18.885322,3.6,23.4,3743.17578125,0.0,32.875,24,7.571781158447266,6.764098167419434
2026-01-07T18:39:19.933573,4.1,23.4,3738.9453125,0.0,32.875,24,7.802650451660156,6.806811332702637
2026-01-07T18:39:20.985425,2.6,23.4,3739.9453125,0.0,32.875,24,7.813343048095703,6.831708908081055
2026-01-07T18:39:22.034011,2.6,23.3,3731.30078125,0.0,32.875,24,7.822628021240234,6.856292724609375
2026-01-07T18:39:23.086745,1.9,23.2,3718.1328125,0.0,32.875,24,7.831393241882324,6.875850677490234
2026-01-07T18:39:24.144715,2.8,23.2,3716.1640625,0.0,32.875,24,7.845729827880859,6.900088310241699
2026-01-07T18:39:25.194798,3.1,23.3,3721.984375,0.0,32.875,24,7.865643501281738,6.931793212890625
2026-01-07T18:39:26.247923,2.4,23.3,3723.390625,0.0,32.875,24,7.887334823608398,6.958134651184082
2026-01-07T18:39:27.295719,2.6,23.3,3724.75,0.0,32.875,24,7.896079063415527,6.98746395111084
2026-01-07T18:39:28.346743,5.2,23.3,3721.234375,0.0,32.875,24,8.1022310256958,7.04433536529541
2026-01-07T18:39:29.396391,1.9,23.3,3725.390625,0.0,32.875,24,8.110608100891113,7.069906234741211
2026-01-07T18:39:30.444464,1.7,23.3,3722.84375,0.0,32.875,24,8.12116813659668,7.093149185180664
2026-01-07T18:39:31.503777,2.6,23.3,3724.37109375,0.0,32.875,24,8.129568099975586,7.113454818725586
2026-01-07T18:39:32.553780,1.9,23.3,3724.140625,0.0,32.875,24,8.137913703918457,7.136736869812012
2026-01-07T18:39:33.607121,1.9,23.3,3722.64453125,0.0,32.875,24,8.146897315979004,7.158398628234863
2026-01-07T18:39:34.657695,1.9,23.3,3723.96484375,0.0,32.875,24,8.156432151794434,7.176301956176758
2026-01-07T18:39:35.710645,2.1,23.3,3722.44140625,0.0,32.875,24,8.166181564331055,7.196678161621094
2026-01-07T18:39:36.762676,2.4,23.3,3723.27734375,0.0,32.875,24,8.174849510192871,7.214872360229492
2026-01-07T18:39:37.815704,2.1,23.3,3723.609375,0.0,32.875,24,8.2011079788208,7.236956596374512
2026-01-07T18:39:38.866186,1.7,23.3,3724.5859375,0.0,32.875,24,8.209821701049805,7.254205703735352
2026-01-07T18:39:39.914580,2.1,22.9,3658.48046875,0.0,32.875,24,8.218424797058105,7.273900985717773
2026-01-07T18:39:40.965912,1.9,22.8,3643.52734375,0.0,32.875,24,8.228285789489746,7.290678024291992
2026-01-07T18:39:42.016830,2.4,22.8,3646.1484375,0.0,32.875,24,8.236949920654297,7.312310218811035
2026-01-07T18:39:43.067594,2.4,22.8,3644.71875,0.0,32.875,24,8.245662689208984,7.331455230712891
2026-01-07T18:39:44.117699,1.4,22.8,3643.8359375,0.0,32.875,24,8.254229545593262,7.348508834838867
2026-01-07T18:39:45.168730,2.1,22.8,3643.0390625,0.0,32.875,24,8.264183044433594,7.367447853088379
2026-01-07T18:39:46.219724,2.1,22.8,3642.91015625,0.0,32.875,24,8.273818969726562,7.386924743652344
2026-01-07T18:39:47.271323,2.9,22.8,3645.2265625,0.0,32.875,24,8.282989501953125,7.402612686157227
2026-01-07T18:39:48.329805,4.0,22.8,3651.28125,0.0,32.875,24,8.468071937561035,7.447731971740723
2026-01-07T18:39:49.383222,2.1,22.8,3649.68359375,0.0,32.875,24,8.476590156555176,7.468591690063477
2026-01-07T18:39:50.434825,1.4,22.8,3649.546875,0.0,32.875,24,8.486067771911621,7.48649787902832
2026-01-07T18:39:51.483589,2.4,22.8,3648.50390625,0.0,32.875,24,8.49475383758545,7.504917144775391
2026-01-07T18:39:52.533498,1.9,22.8,3649.6875,0.0,32.875,24,8.503355026245117,7.523353576660156
2026-01-07T18:39:53.584277,2.2,22.9,3655.83984375,0.0,32.875,24,8.512033462524414,7.538853645324707
2026-01-07T18:39:54.639327,2.1,22.8,3653.69921875,0.0,32.875,24,8.520463943481445,7.557043075561523
2026-01-07T18:39:55.688198,5.0,22.8,3651.15625,0.0,32.875,24,8.543206214904785,7.590869903564453
2026-01-07T18:39:56.736390,3.1,22.9,3659.94140625,0.0,32.875,24,8.55781364440918,7.6193437576293945
2026-01-07T18:39:57.784620,2.4,22.9,3658.59765625,0.0,32.875,24,8.583026885986328,7.640883445739746
2026-01-07T18:39:58.849380,8.6,22.9,3667.13671875,0.0,32.875,24,8.596640586853027,7.6635541915893555
2026-01-07T18:39:59.965045,20.6,23.0,3676.19921875,0.0,32.875,24,8.761910438537598,7.983569145202637
2026-01-07T18:40:01.013570,3.8,23.0,3673.08203125,0.0,32.875,24,8.788000106811523,8.018145561218262
2026-01-07T18:40:02.061483,3.3,23.0,3674.2578125,0.0,32.875,24,9.141937255859375,8.380583763122559
2026-01-07T18:40:03.118012,2.4,23.0,3674.0859375,0.0,32.875,24,9.154464721679688,8.403787612915039
2026-01-07T18:40:04.171197,2.6,23.0,3679.734375,0.0,32.875,24,9.170760154724121,8.430560111999512
2026-01-07T18:40:05.270057,37.2,23.8,3801.6796875,0.0,32.875,24,9.188583374023438,8.458589553833008
2026-01-07T18:40:06.317627,3.1,23.7,3794.6484375,0.0,32.875,24,9.548864364624023,8.843740463256836
2026-01-07T18:40:07.367010,3.1,23.7,3784.30859375,0.0,32.875,24,9.572928428649902,8.867708206176758
2026-01-07T18:40:08.417394,3.8,23.7,3783.5703125,0.0,32.875,24,10.103338241577148,9.25922679901123
2026-01-07T18:40:09.466310,2.1,23.7,3783.4375,0.0,32.875,24,10.115653038024902,9.2816743850708
2026-01-07T18:40:10.515291,2.4,23.6,3775.65234375,0.0,32.875,24,10.13071060180664,9.305656433105469
2026-01-07T18:40:11.563458,6.2,23.6,3778.3671875,0.0,32.875,24,10.349108695983887,9.335784912109375
2026-01-07T18:40:12.613632,2.4,23.6,3768.17578125,0.0,32.875,24,10.362785339355469,9.355827331542969
2026-01-07T18:40:13.662655,1.9,23.5,3765.33203125,0.0,32.875,24,10.371546745300293,9.374743461608887
2026-01-07T18:40:14.715195,1.7,23.5,3765.203125,0.0,32.875,24,10.380021095275879,9.393589973449707
2026-01-07T18:40:15.764410,2.1,23.5,3765.04296875,0.0,32.875,24,10.390789031982422,9.414108276367188
2026-01-07T18:40:16.813392,3.1,23.5,3766.26171875,0.0,32.875,24,10.400590896606445,9.431413650512695
2026-01-07T18:40:17.863186,3.1,23.6,3766.69921875,0.0,32.875,24,10.432123184204102,9.459428787231445
2026-01-07T18:40:18.912499,1.9,23.5,3766.33203125,0.0,32.875,24,10.445683479309082,9.483260154724121
2026-01-07T18:40:19.964776,2.6,23.6,3768.140625,0.0,32.875,24,10.47407054901123,9.512231826782227
2026-01-07T18:40:21.013515,1.7,23.6,3769.4453125,0.0,32.875,24,10.48392105102539,9.530959129333496
2026-01-07T18:40:22.063033,2.2,23.5,3765.64453125,0.0,32.875,24,10.492289543151855,9.549071311950684
2026-01-07T18:40:23.120193,2.6,23.5,3765.9296875,0.0,32.875,24,10.50072956085205,9.570915222167969
2026-01-07T18:40:24.169534,1.9,23.5,3765.4140625,0.0,32.875,24,10.509093284606934,9.59119987487793
2026-01-07T18:40:25.219040,1.9,23.5,3765.84765625,0.0,32.875,24,10.518952369689941,9.612919807434082
2026-01-07T18:40:26.270611,1.7,23.5,3766.1796875,0.0,32.875,24,10.528321266174316,9.63983154296875
2026-01-07T18:40:27.328063,4.0,23.5,3766.19921875,0.9,32.875,24,10.5596284866333,9.690838813781738
2026-01-07T18:40:28.376932,4.1,23.6,3771.53515625,0.0,32.875,23,10.743369102478027,9.73765754699707
2026-01-07T18:40:29.428510,13.7,23.4,3742.56640625,0.0,32.875,23,10.752767562866211,9.760031700134277
2026-01-07T18:40:30.476852,1.7,23.4,3741.3515625,0.0,32.875,23,10.76244068145752,9.780305862426758
2026-01-07T18:40:31.526483,2.4,23.4,3739.625,0.0,32.875,23,10.771299362182617,9.797293663024902
2026-01-07T18:40:32.576451,2.1,23.4,3739.30859375,0.0,32.875,23,10.780037879943848,9.818660736083984
2026-01-07T18:40:33.629357,2.1,22.9,3667.70703125,0.0,32.875,23,10.788678169250488,9.866535186767578
2026-01-07T18:40:34.687250,2.6,22.9,3665.95703125,0.0,32.875,23,10.799516677856445,9.893799781799316
2026-01-07T18:40:35.738748,2.1,22.9,3668.50390625,0.0,32.875,23,10.810638427734375,9.959640502929688
2026-01-07T18:40:36.789355,2.4,22.9,3669.09375,0.0,32.875,23,10.8196439743042,9.988258361816406
2026-01-07T18:40:37.839970,3.6,22.9,3668.5546875,0.0,32.875,24,10.909327507019043,10.0401611328125
2026-01-07T18:40:38.888529,1.9,22.9,3657.69921875,0.0,32.875,24,10.929319381713867,10.06057071685791
2026-01-07T18:40:39.939221,1.9,22.9,3657.2578125,0.0,32.875,24,10.938799858093262,10.081686019897461
2026-01-07T18:40:40.999763,2.4,22.9,3657.8984375,0.0,32.875,24,10.948600769042969,10.107585906982422
2026-01-07T18:40:42.052348,2.6,22.9,3654.70703125,0.0,32.875,24,10.957270622253418,10.128448486328125
2026-01-07T18:40:43.109882,2.1,22.9,3654.71875,0.0,32.875,24,10.96651554107666,10.147603988647461
2026-01-07T18:40:44.159187,2.9,22.8,3654.25390625,0.0,32.875,24,10.979557991027832,10.171911239624023
2026-01-07T18:40:45.210359,1.9,22.8,3654.09375,0.0,32.875,24,10.99015998840332,10.19521713256836
2026-01-07T18:40:46.263960,4.3,22.8,3654.1796875,0.0,32.875,24,11.024202346801758,10.233878135681152
2026-01-07T18:40:47.315934,3.1,22.9,3657.62890625,0.0,32.875,24,11.03294849395752,10.252947807312012
2026-01-07T18:40:48.366108,3.1,22.9,3658.1875,0.0,32.875,24,11.157848358154297,10.281513214111328
2026-01-07T18:40:49.418788,1.7,22.8,3652.38671875,0.0,32.875,23,11.166543960571289,10.303553581237793
2026-01-07T18:40:50.468144,30.1,23.0,3679.9453125,0.0,32.875,23,11.32056713104248,10.58485221862793
2026-01-07T18:40:51.515815,7.2,23.0,3680.453125,0.0,32.875,23,18.04578399658203,17.344141960144043
2026-01-07T18:40:52.572825,10.7,23.1,3699.79296875,0.0,32.875,23,32.81071758270264,32.123290061950684
2026-01-07T18:40:53.672046,21.5,23.2,3716.2265625,0.0,32.875,23,43.57250499725342,42.89650344848633
2026-01-07T18:40:54.720291,6.2,23.1,3691.9765625,0.0,32.875,23,55.62725353240967,54.959943771362305
2026-01-07T18:40:55.768068,43.4,23.8,3808.5625,0.0,32.875,23,67.26736545562744,66.61179447174072
2026-01-07T18:40:56.877192,27.9,23.8,3807.52734375,0.0,32.875,23,77.93150424957275,77.28890323638916
2026-01-07T18:40:57.930055,7.4,23.8,3809.58203125,0.0,32.875,24,90.59774780273438,89.91201782226562
2026-01-07T18:40:58.976178,6.8,23.8,3807.2734375,0.0,32.875,24,100.60291957855225,99.84257316589355
2026-01-07T18:41:00.030642,6.2,23.8,3809.109375,0.0,32.875,24,111.16841888427734,110.41882133483887
2026-01-07T18:41:01.083386,6.0,23.8,3806.94140625,0.0,32.875,24,120.74984455108643,120.00589084625244
2026-01-07T18:41:02.131987,7.7,23.8,3808.5859375,0.0,32.875,24,134.17979431152344,133.4501428604126
2026-01-07T18:41:03.181803,6.0,23.8,3810.65234375,0.0,32.875,24,142.14901065826416,141.43329334259033
2026-01-07T18:41:04.232552,6.5,23.8,3809.87890625,0.0,32.875,24,154.62910747528076,153.92570114135742
2026-01-07T18:41:05.280026,6.0,23.8,3809.01171875,0.0,32.875,24,166.47127628326416,165.77646255493164
2026-01-07T18:41:06.335188,6.2,23.8,3809.5703125,0.0,32.875,24,179.6715383529663,178.98364639282227
2026-01-07T18:41:07.385187,6.7,23.8,3810.94140625,0.0,32.875,24,189.02070808410645,188.34344100952148
2026-01-07T18:41:08.434478,5.8,23.8,3811.02734375,0.0,32.875,24,198.5432424545288,197.8592710494995
2026-01-07T18:41:09.492946,6.2,23.8,3809.8046875,0.0,32.875,24,209.39362812042236,208.7241611480713
2026-01-07T18:41:10.538731,5.5,23.8,3809.9453125,0.0,32.875,24,220.55820846557617,219.8976583480835
2026-01-07T18:41:11.589351,7.0,23.8,3812.10546875,0.0,32.875,24,228.37572383880615,227.7218885421753
2026-01-07T18:41:12.641929,6.0,23.8,3811.8671875,0.0,32.875,24,238.8904104232788,238.2431001663208
2026-01-07T18:41:13.690774,6.5,23.2,3703.7890625,0.0,32.875,24,248.51126766204834,247.8744602203369
2026-01-07T18:41:14.741004,5.8,23.2,3704.3046875,0.0,32.875,24,258.80178451538086,258.1727600097656
2026-01-07T18:41:15.794574,5.7,23.2,3702.58203125,0.0,32.875,24,272.7516632080078,272.13189125061035
2026-01-07T18:41:16.845897,7.4,23.2,3705.375,0.0,32.875,24,287.9961175918579,287.3880958557129
2026-01-07T18:41:17.894771,7.4,23.2,3706.03125,0.0,32.875,24,300.54459953308105,299.88642597198486
2026-01-07T18:41:18.944205,5.3,23.2,3707.234375,0.0,32.875,24,308.9480857849121,308.21289348602295
2026-01-07T18:41:19.992351,6.0,23.1,3700.99609375,0.0,32.875,24,319.4746913909912,318.7553825378418
2026-01-07T18:41:21.050197,6.0,23.2,3704.18359375,0.0,32.875,24,331.8229646682739,331.1175546646118
2026-01-07T18:41:22.098183,5.7,23.2,3702.82421875,0.0,32.875,24,339.39076232910156,338.70231533050537
2026-01-07T18:41:23.149656,6.7,23.2,3703.4375,0.0,32.875,24,351.9353733062744,351.26024532318115
2026-01-07T18:41:24.198070,5.3,23.2,3704.2421875,0.0,32.875,24,360.6643342971802,359.9982967376709
2026-01-07T18:41:25.246139,5.3,23.1,3701.22265625,0.0,32.875,24,369.2821683883667,368.6246862411499
2026-01-07T18:41:26.298013,6.7,23.1,3701.98046875,0.0,32.875,24,382.74254035949707,382.09669303894043
2026-01-07T18:41:27.350097,6.7,23.2,3707.76171875,0.0,32.875,24,393.5966901779175,392.971791267395
2026-01-07T18:41:28.398775,5.0,23.2,3705.640625,0.0,32.875,24,402.8004264831543,402.1796627044678
2026-01-07T18:41:29.460840,6.9,23.2,3705.63671875,0.0,32.875,24,413.40618991851807,412.79705333709717
2026-01-07T18:41:30.510185,6.0,23.2,3702.703125,0.0,32.875,24,424.02896881103516,423.4327926635742
2026-01-07T18:41:31.559130,6.5,23.2,3703.24609375,0.0,32.875,24,434.29498386383057,433.70758533477783
2026-01-07T18:41:32.607202,7.9,23.2,3703.8359375,0.0,32.875,24,449.40904998779297,448.83624839782715
2026-01-07T18:41:33.660558,5.0,23.2,3704.1015625,0.0,32.875,24,455.14393424987793,454.58647441864014
2026-01-07T18:41:34.707852,6.5,23.2,3704.05859375,0.0,32.875,24,465.35612297058105,464.8064956665039
2026-01-07T18:41:35.762029,6.9,23.2,3702.6796875,0.0,32.875,24,475.3438186645508,474.804461479187
2026-01-07T18:41:36.812387,7.2,23.2,3707.4453125,0.0,32.875,24,485.93232917785645,485.40233993530273
2026-01-07T18:41:37.863320,7.4,23.1,3696.06640625,0.0,32.875,24,493.91795349121094,493.34021759033203
2026-01-07T18:41:38.918245,6.7,23.1,3699.61328125,0.0,32.875,24,503.8508176803589,503.1875276565552
2026-01-07T18:41:39.968222,5.8,23.1,3696.2109375,0.0,32.875,24,512.2023878097534,511.5479803085327
2026-01-07T18:41:41.023487,5.5,23.2,3702.84765625,0.0,32.875,24,519.5232734680176,518.877760887146
2026-01-07T18:41:42.072112,7.0,23.1,3698.421875,0.0,32.875,24,530.8478183746338,530.2112340927124
2026-01-07T18:41:43.118472,5.5,23.1,3697.1171875,0.0,32.875,24,541.096999168396,540.4703197479248
2026-01-07T18:41:44.166197,7.2,23.1,3700.29296875,0.0,32.875,24,555.0216245651245,554.4052505493164
2026-01-07T18:41:45.214929,5.5,23.1,3698.7265625,0.0,32.875,24,562.0280885696411,561.4206743240356
2026-01-07T18:41:46.263695,5.0,23.1,3698.16796875,0.0,32.875,24,570.6015014648438,570.0028800964355
2026-01-07T18:41:47.311933,6.0,23.1,3698.71484375,0.0,32.875,24,579.4406862258911,578.8511610031128
2026-01-07T18:41:48.362980,6.0,23.1,3698.421875,0.0,32.875,24,590.6783103942871,590.083646774292
2026-01-07T18:41:49.411101,5.5,23.1,3698.71484375,0.0,32.875,24,600.6656303405762,600.0797300338745
2026-01-07T18:41:50.459671,5.0,23.1,3697.70703125,0.0,32.875,24,610.1149969100952,609.5396738052368
2026-01-07T18:41:51.512350,6.2,23.1,3696.15625,0.0,32.875,24,617.9307661056519,617.3662128448486
2026-01-07T18:41:52.559114,8.1,23.2,3714.83984375,0.0,32.875,24,619.5777387619019,619.0205526351929
2026-01-07T18:41:53.667497,41.0,23.9,3821.5859375,0.0,32.875,24,619.7966289520264,619.0497560501099
2026-01-07T18:41:54.719086,1.9,23.8,3810.546875,0.0,32.875,24,619.8104724884033,619.0655374526978
2026-01-07T18:41:55.767528,2.1,23.8,3805.9921875,0.0,32.875,24,619.8200035095215,619.0855474472046
2026-01-07T18:41:56.816664,3.1,23.8,3799.4609375,0.0,32.875,24,619.8298969268799,619.1127071380615
2026-01-07T18:41:57.864180,3.8,23.8,3802.7890625,0.0,32.875,23,619.9213972091675,619.1533126831055
2026-01-07T18:41:58.918179,3.6,23.8,3805.71484375,0.0,32.875,24,620.0246448516846,619.1783256530762
2026-01-07T18:41:59.965962,2.2,23.8,3802.8125,0.0,32.875,24,620.0413951873779,619.2095136642456
2026-01-07T18:42:01.016437,2.1,23.7,3794.2890625,0.0,32.875,24,620.054313659668,619.2354001998901
2026-01-07T18:42:02.065840,2.9,23.6,3781.58984375,0.0,32.875,24,620.0701684951782,619.2537965774536
2026-01-07T18:42:03.115019,1.9,23.6,3781.17578125,0.0,32.875,24,620.0786266326904,619.2728004455566
2026-01-07T18:42:04.162016,1.7,23.6,3779.7421875,0.0,32.875,24,620.0874013900757,619.2876510620117
2026-01-07T18:42:05.211729,1.4,23.6,3777.36328125,0.0,32.875,24,620.0968017578125,619.3086385726929
2026-01-07T18:42:06.260560,1.9,23.6,3777.4453125,0.0,32.875,24,620.1061058044434,619.3307437896729
2026-01-07T18:42:07.315859,2.9,23.6,3779.24609375,0.0,32.875,24,620.1146259307861,619.3516426086426
2026-01-07T18:42:08.364586,3.1,23.6,3779.1953125,0.0,32.875,24,620.1561050415039,619.3874368667603
2026-01-07T18:42:09.414652,1.7,23.6,3778.97265625,0.0,32.875,24,620.1743679046631,619.4153308868408
2026-01-07T18:42:10.464028,1.7,23.6,3778.7890625,0.0,32.875,24,620.1842136383057,619.4330902099609
2026-01-07T18:42:11.513680,2.9,23.6,3778.78125,0.0,32.875,24,620.1930685043335,619.4505929946899
2026-01-07T18:42:12.562667,1.9,23.6,3780.7734375,0.0,32.875,24,620.2016477584839,619.4695653915405
2026-01-07T18:42:13.612027,1.7,23.7,3784.77734375,0.0,32.875,24,620.2101001739502,619.4872980117798
2026-01-07T18:42:14.661251,1.7,23.7,3784.61328125,0.0,32.875,24,620.2188100814819,619.5051946640015
2026-01-07T18:42:15.713991,2.4,23.1,3687.1953125,0.0,32.875,24,620.2282285690308,619.5264511108398
2026-01-07T18:42:16.764738,2.2,23.1,3689.953125,0.0,32.875,24,620.2378206253052,619.5470600128174
2026-01-07T18:42:17.812047,3.3,23.0,3675.12890625,0.0,32.875,24,620.3077001571655,619.5680160522461
2026-01-07T18:42:18.861341,1.9,23.0,3675.203125,0.0,32.875,24,620.4157638549805,619.5915441513062
2026-01-07T18:42:19.912988,1.7,23.0,3680.86328125,0.0,32.875,24,620.4242944717407,619.6158609390259
2026-01-07T18:42:20.963691,1.9,23.0,3680.796875,0.0,32.875,24,620.4339408874512,619.6374807357788
2026-01-07T18:42:22.018623,2.6,23.0,3682.1015625,0.0,32.875,24,620.442458152771,619.6552934646606
2026-01-07T18:42:23.074135,2.1,23.0,3680.51953125,0.0,32.875,24,620.450647354126,619.6752004623413
2026-01-07T18:42:24.122437,1.9,23.0,3674.14453125,0.0,32.875,24,620.4589309692383,619.694206237793
2026-01-07T18:42:25.177137,1.7,23.0,3673.58203125,0.0,32.875,24,620.4680881500244,619.7159023284912
2026-01-07T18:42:26.227305,2.1,23.0,3673.44140625,0.0,32.875,24,620.477991104126,619.7407178878784
2026-01-07T18:42:27.277286,2.6,23.0,3680.0390625,0.0,32.875,24,620.4873790740967,619.7702312469482
2026-01-07T18:42:28.326838,3.8,23.0,3676.66015625,0.0,32.875,24,620.6724500656128,619.8200311660767
2026-01-07T18:42:29.379569,1.9,23.0,3677.44140625,0.0,32.875,24,620.6807718276978,619.8411302566528
2026-01-07T18:42:30.428417,1.9,23.0,3677.2734375,0.0,32.875,24,620.6906404495239,619.8635663986206
2026-01-07T18:42:31.480806,2.4,23.0,3679.01171875,0.0,32.875,24,620.699559211731,619.882700920105
2026-01-07T18:42:32.530381,1.9,23.0,3682.921875,0.0,32.875,24,620.7083396911621,619.9026727676392
2026-01-07T18:42:33.580907,1.9,23.0,3673.10546875,0.0,32.875,24,620.716911315918,619.9218339920044
2026-01-07T18:42:34.632505,2.4,23.0,3682.4140625,0.0,32.875,24,620.7258682250977,619.9424715042114
2026-01-07T18:42:35.692663,2.6,23.0,3683.27734375,0.0,32.875,24,620.7388219833374,619.9716157913208
2026-01-07T18:42:36.741999,2.4,23.0,3683.37109375,0.0,32.875,24,620.7476396560669,619.996301651001
2026-01-07T18:42:37.793567,2.9,23.0,3683.91015625,0.0,32.875,24,620.7905788421631,620.0445613861084
2026-01-07T18:42:38.844632,1.9,23.0,3677.76953125,0.0,32.875,24,620.8006906509399,620.0677995681763
2026-01-07T18:42:39.907330,2.1,23.0,3677.64453125,0.0,32.875,23,620.8099737167358,620.0863666534424
2026-01-07T18:42:40.968319,2.1,23.0,3675.64453125,0.0,32.875,23,620.8200244903564,620.1077814102173
2026-01-07T18:42:42.019491,2.6,23.0,3675.75390625,0.0,32.875,23,620.8287162780762,620.1294984817505
2026-01-07T18:42:43.068207,2.2,23.0,3675.5625,0.0,32.875,23,620.8374834060669,620.1455450057983
2026-01-07T18:42:44.117596,1.7,23.0,3670.734375,0.0,32.875,23,620.8461332321167,620.1636848449707
2026-01-07T18:42:45.168964,1.7,22.9,3670.3359375,0.0,32.875,23,620.8550319671631,620.1845197677612
2026-01-07T18:42:46.220128,1.9,23.0,3674.48828125,0.0,32.875,23,620.8646821975708,620.2028646469116
2026-01-07T18:42:47.270529,3.1,23.0,3672.17578125,0.0,32.875,23,620.8736448287964,620.2216424942017
2026-01-07T18:42:48.320530,3.3,23.0,3675.76171875,0.0,32.875,24,621.043553352356,620.2529468536377
2026-01-07T18:42:49.370953,1.9,23.0,3674.1484375,0.0,32.875,24,621.0529556274414,620.2737560272217
2026-01-07T18:42:50.422300,1.9,23.0,3673.95703125,0.0,32.875,24,621.0627479553223,620.2932090759277
2026-01-07T18:42:51.478134,2.8,23.0,3677.015625,0.0,32.875,24,621.0715341567993,620.3136720657349
2026-01-07T18:42:52.526195,1.7,23.0,3673.375,0.0,32.875,24,621.0802278518677,620.3316822052002
2026-01-07T18:42:53.575028,1.9,23.0,3674.890625,0.0,32.875,24,621.0887308120728,620.3542776107788
2026-01-07T18:42:54.626920,1.9,23.0,3674.7265625,0.0,32.875,24,621.0971765518188,620.3732795715332
2026-01-07T18:42:55.678463,1.9,23.0,3674.8046875,0.0,32.875,24,621.1075067520142,620.3923110961914
2026-01-07T18:42:56.727421,2.6,23.0,3676.86328125,0.0,32.875,24,621.1163063049316,620.4166564941406
2026-01-07T18:42:57.776632,2.9,23.0,3677.97265625,0.0,32.875,24,621.1962795257568,620.4610118865967
2026-01-07T18:42:58.827907,3.1,23.0,3673.27734375,0.0,32.875,23,621.3072309494019,620.4857368469238
2026-01-07T18:42:59.878966,1.7,22.9,3670.328125,0.0,32.875,23,621.3157300949097,620.5069589614868
2026-01-07T18:43:00.926354,1.9,22.9,3667.4296875,0.0,32.875,23,621.3260354995728,620.526125907898
2026-01-07T18:43:01.984193,2.6,23.0,3670.484375,0.0,32.875,23,621.3352136611938,620.5493545532227
2026-01-07T18:43:03.033567,2.4,23.0,3670.5390625,0.0,32.875,23,621.3441009521484,620.5785713195801
2026-01-07T18:43:04.083238,1.7,23.0,3670.859375,0.0,32.875,23,621.3527421951294,620.6002721786499
2026-01-07T18:43:05.132997,1.9,22.9,3670.03125,0.0,32.875,23,621.3617076873779,620.6200437545776
2026-01-07T18:43:06.184315,2.1,22.9,3670.11328125,0.0,32.875,23,621.3711423873901,620.6381816864014
2026-01-07T18:43:07.231098,2.6,23.0,3671.18359375,0.0,32.875,23,621.3794107437134,620.654390335083
2026-01-07T18:43:08.279547,2.6,23.0,3671.5390625,0.0,32.875,24,621.4664678573608,620.69713306427
2026-01-07T18:43:09.329326,1.9,23.0,3674.203125,0.0,32.875,24,621.4750165939331,620.7174987792969
2026-01-07T18:43:10.382216,1.9,23.0,3679.91796875,0.0,32.875,24,621.4847364425659,620.738018989563
2026-01-07T18:43:11.439238,2.6,23.0,3675.64453125,0.0,32.875,24,621.494158744812,620.7568664550781
2026-01-07T18:43:12.487408,1.7,23.0,3681.0078125,0.0,32.875,24,621.502613067627,620.7724018096924
2026-01-07T18:43:13.537477,1.9,23.0,3679.4609375,0.0,32.875,24,621.5110530853271,620.7888803482056
2026-01-07T18:43:14.597012,1.9,23.0,3679.296875,0.0,32.875,24,621.5194892883301,620.8066673278809
2026-01-07T18:43:15.645975,1.9,23.0,3679.1328125,0.0,32.875,24,621.5288581848145,620.8249340057373
2026-01-07T18:43:16.697643,2.9,23.0,3679.953125,0.0,32.875,24,621.5376577377319,620.8426294326782
2026-01-07T18:43:17.746702,2.9,23.0,3683.66796875,0.0,32.875,24,621.6068811416626,620.8665685653687
2026-01-07T18:43:18.794198,2.4,23.0,3683.26953125,0.0,32.875,24,621.7147216796875,620.8935203552246
2026-01-07T18:43:19.842478,1.7,23.0,3676.875,0.0,32.875,24,621.723105430603,620.9136476516724
2026-01-07T18:43:20.891353,1.4,23.0,3676.95703125,0.0,32.875,24,621.7328824996948,620.9372720718384
2026-01-07T18:43:21.940753,2.4,23.0,3678.51171875,0.0,32.875,24,621.7418155670166,620.9614362716675
2026-01-07T18:43:22.987111,1.9,23.0,3679.18359375,0.0,32.875,24,621.7509536743164,620.988507270813
2026-01-07T18:43:24.037427,1.7,23.0,3677.4375,0.0,32.875,24,621.7590065002441,621.0072908401489
2026-01-07T18:43:25.089712,1.9,23.0,3677.2734375,0.0,32.875,24,621.7678499221802,621.0252647399902
2026-01-07T18:43:26.142616,1.9,23.0,3677.109375,0.0,32.875,24,621.777117729187,621.0439863204956
2026-01-07T18:43:27.196275,3.1,23.0,3678.66796875,0.0,32.875,24,621.7856931686401,621.0664358139038
2026-01-07T18:43:28.246778,3.8,23.0,3680.4296875,0.0,32.875,24,621.9696998596191,621.118860244751
2026-01-07T18:43:29.295048,1.7,23.0,3677.859375,0.0,32.875,24,621.9790163040161,621.1444139480591
2026-01-07T18:43:30.346033,1.9,23.0,3676.92578125,0.0,32.875,24,621.9884061813354,621.163722038269
2026-01-07T18:43:31.397472,1.7,23.0,3677.16796875,0.0,32.875,24,621.9971332550049,621.1868314743042
2026-01-07T18:43:32.448425,3.3,23.0,3678.7421875,0.0,32.875,24,622.005518913269,621.2048807144165
2026-01-07T18:43:33.504206,1.7,23.0,3677.69921875,0.0,32.875,24,622.0140905380249,621.2297983169556
2026-01-07T18:43:34.557859,2.1,23.0,3678.29296875,0.0,32.875,24,622.0235433578491,621.2528257369995
2026-01-07T18:43:35.604274,1.7,23.0,3678.6328125,0.0,32.875,24,622.0332126617432,621.2715501785278
2026-01-07T18:43:36.655797,2.9,23.0,3684.40625,0.0,32.875,24,622.0419702529907,621.2874088287354
2026-01-07T18:43:37.712301,2.4,23.0,3683.15234375,0.0,32.875,24,622.067497253418,621.3092927932739
2026-01-07T18:43:38.766960,1.9,23.0,3680.69140625,0.0,32.875,23,622.0758829116821,621.3267889022827
2026-01-07T18:43:39.817189,2.1,23.0,3684.10546875,0.0,32.875,23,622.0844087600708,621.3424444198608
2026-01-07T18:43:40.866859,1.4,23.0,3680.8203125,0.0,32.875,23,622.0944576263428,621.3627395629883
2026-01-07T18:43:41.914080,2.9,23.0,3681.4609375,0.0,32.875,23,622.1033411026001,621.3793611526489
2026-01-07T18:43:42.963457,1.9,23.0,3680.828125,0.0,32.875,23,622.1117210388184,621.3974952697754
2026-01-07T18:43:44.012644,1.7,23.0,3676.875,0.0,32.875,23,622.1204175949097,621.4165239334106
2026-01-07T18:43:45.062499,2.1,23.0,3676.71875,0.0,32.875,23,622.1302633285522,621.4381122589111
2026-01-07T18:43:46.119495,2.1,23.0,3673.1015625,0.0,32.875,23,622.1396989822388,621.4550943374634
2026-01-07T18:43:47.168638,2.9,23.0,3675.66015625,0.0,32.875,23,622.1484470367432,621.4747457504272
2026-01-07T18:43:48.225618,4.3,23.0,3674.828125,0.0,32.875,24,622.3363218307495,621.5236625671387
2026-01-07T18:43:49.290193,2.1,23.0,3671.51171875,0.0,32.875,24,622.345025062561,621.5406179428101
2026-01-07T18:43:50.340976,1.7,23.0,3671.5859375,0.0,32.875,24,622.3547620773315,621.5591077804565
2026-01-07T18:43:51.388756,1.9,23.0,3671.9453125,0.0,32.875,24,622.3634033203125,621.5792055130005
2026-01-07T18:43:52.437567,2.9,23.0,3675.86328125,0.0,32.875,24,622.3719253540039,621.5979528427124
2026-01-07T18:43:53.488385,1.7,23.0,3670.609375,0.0,32.875,24,622.3805799484253,621.6169576644897
2026-01-07T18:43:54.535334,1.4,23.0,3676.3515625,0.0,32.875,24,622.3889122009277,621.6350564956665
2026-01-07T18:43:55.589573,2.1,23.0,3676.16796875,0.0,32.875,24,622.398603439331,621.6512136459351
2026-01-07T18:43:56.641190,2.9,23.0,3678.46484375,0.0,32.875,24,622.4088792800903,621.6735181808472
2026-01-07T18:43:57.692250,2.4,23.0,3677.2421875,0.0,32.875,24,622.4342708587646,621.7026882171631
2026-01-07T18:43:58.743386,1.9,23.0,3676.96875,0.0,32.875,24,622.4429225921631,621.720606803894
2026-01-07T18:43:59.794507,1.7,23.0,3676.8046875,0.0,32.875,24,622.4516229629517,621.7383146286011
2026-01-07T18:44:00.844969,2.9,23.0,3676.37890625,0.0,32.875,24,622.4612140655518,621.7646484375
2026-01-07T18:44:01.894911,2.9,23.0,3677.4140625,0.0,32.875,24,622.4701480865479,621.7861051559448
2026-01-07T18:44:02.948620,1.9,23.0,3674.5546875,0.0,32.875,24,622.4788618087769,621.8066959381104
2026-01-07T18:44:04.000371,1.9,23.0,3675.02734375,0.0,32.875,24,622.4874448776245,621.8234233856201
2026-01-07T18:44:05.058202,2.1,23.0,3674.6328125,0.0,32.875,24,622.4964694976807,621.8401079177856
2026-01-07T18:44:06.110133,1.9,23.0,3675.1796875,0.0,32.875,24,622.5060434341431,621.8615989685059
2026-01-07T18:44:07.163727,2.9,23.0,3674.56640625,0.0,32.875,24,622.515025138855,621.8843297958374
2026-01-07T18:44:08.213328,4.1,23.0,3675.08984375,0.0,32.875,24,622.6992502212524,621.930911064148
2026-01-07T18:44:09.264547,1.7,23.0,3678.80859375,0.0,32.875,24,622.7077751159668,621.9490098953247
2026-01-07T18:44:10.313834,1.9,23.0,3678.65234375,0.0,32.875,24,622.7170343399048,621.9711112976074
2026-01-07T18:44:11.364141,2.1,23.0,3679.9765625,0.0,32.875,24,622.7267990112305,621.9876775741577
2026-01-07T18:44:12.419702,2.6,23.0,3682.36328125,0.0,32.875,24,622.7356262207031,622.0058259963989
2026-01-07T18:44:13.471363,2.1,23.0,3683.640625,0.0,32.875,24,622.7442770004272,622.0257873535156
2026-01-07T18:44:14.522203,1.9,23.0,3681.171875,0.0,32.875,24,622.752950668335,622.0438766479492
2026-01-07T18:44:15.571959,1.4,23.0,3681.13671875,0.0,32.875,24,622.7623281478882,622.064938545227
2026-01-07T18:44:16.622551,2.9,23.0,3682.6875,0.0,32.875,24,622.771035194397,622.0829725265503
2026-01-07T18:44:17.675505,2.6,23.0,3678.1328125,0.0,32.875,24,622.7972555160522,622.104832649231
2026-01-07T18:44:18.726193,1.9,23.0,3676.90625,0.0,32.875,24,622.8071031570435,622.1224670410156
2026-01-07T18:44:19.777506,1.9,23.0,3682.17578125,0.0,32.875,24,622.815975189209,622.1396656036377
2026-01-07T18:44:20.829571,2.1,23.0,3682.01171875,0.0,32.875,24,622.8258075714111,622.1651277542114
2026-01-07T18:44:21.880726,3.6,23.0,3683.078125,0.0,32.875,24,622.8347387313843,622.1838464736938
2026-01-07T18:44:22.944093,2.4,23.0,3683.078125,0.0,32.875,24,622.8432760238647,622.2015571594238
2026-01-07T18:44:23.997474,2.1,23.0,3682.234375,0.0,32.875,24,622.8517389297485,622.2212743759155
2026-01-07T18:44:25.054841,2.1,23.0,3682.06640625,0.0,32.875,24,622.8609247207642,622.2419414520264
2026-01-07T18:44:26.103282,1.7,23.0,3680.4140625,0.0,32.875,24,622.8706254959106,622.2643251419067
2026-01-07T18:44:27.153493,2.6,23.0,3681.49609375,0.0,32.875,24,622.8794794082642,622.2882499694824
2026-01-07T18:44:28.200541,3.6,23.0,3680.83984375,0.0,32.875,24,623.0623836517334,622.3422842025757
2026-01-07T18:44:29.248294,1.7,23.0,3677.0859375,0.0,32.875,24,623.0714654922485,622.3656692504883
2026-01-07T18:44:30.303088,2.1,23.0,3676.55859375,0.0,32.875,24,623.0807971954346,622.3839340209961
2026-01-07T18:44:31.354191,1.7,23.0,3676.640625,0.0,32.875,24,623.0902366638184,622.4048175811768
2026-01-07T18:44:32.402786,2.4,23.0,3679.18359375,0.0,32.875,24,623.0990495681763,622.4217910766602
2026-01-07T18:44:33.452872,2.4,23.0,3677.453125,0.0,32.875,24,623.1078662872314,622.4412021636963
2026-01-07T18:44:34.507178,2.4,23.0,3678.8203125,0.0,32.875,24,623.1165742874146,622.4603986740112
2026-01-07T18:44:35.564969,1.7,23.0,3677.16796875,0.0,32.875,24,623.1261329650879,622.4815893173218
2026-01-07T18:44:36.618046,2.6,23.0,3678.6953125,0.0,32.875,24,623.1350202560425,622.5046119689941
2026-01-07T18:44:37.666228,3.3,23.0,3678.765625,0.0,32.875,24,623.2187662124634,622.5489282608032
2026-01-07T18:44:38.722950,1.9,23.0,3676.1015625,0.0,32.875,24,623.3267393112183,622.5829954147339
2026-01-07T18:44:39.775558,1.9,23.0,3672.2265625,0.0,32.875,24,623.3362007141113,622.6010522842407
2026-01-07T18:44:40.830090,2.1,23.0,3671.87890625,0.0,32.875,24,623.3460369110107,622.6210336685181
2026-01-07T18:44:41.879440,2.6,23.0,3675.6171875,0.0,32.875,24,623.3548564910889,622.642183303833
2026-01-07T18:44:42.929367,1.9,23.0,3673.00390625,0.0,32.875,24,623.3636236190796,622.6620092391968
2026-01-07T18:44:43.976966,1.9,23.0,3673.23828125,0.0,32.875,24,623.3722705841064,622.68044090271
2026-01-07T18:44:45.025758,1.9,23.0,3673.2890625,0.0,32.875,24,623.3813152313232,622.6994819641113
2026-01-07T18:44:46.074969,1.4,23.0,3673.15234375,0.0,32.875,24,623.3906440734863,622.720344543457
2026-01-07T18:44:47.125367,2.6,23.0,3675.453125,0.0,32.875,24,623.3991031646729,622.738522529602
2026-01-07T18:44:48.171443,2.2,23.0,3671.72265625,0.0,32.875,22,623.4252004623413,622.7633218765259
2026-01-07T18:44:49.220359,1.7,22.9,3664.22265625,0.0,32.875,22,623.4339914321899,622.7826910018921
2026-01-07T18:44:50.276664,1.9,22.9,3662.48046875,0.0,32.875,22,623.4427261352539,622.8037223815918
2026-01-07T18:44:51.323277,1.4,22.9,3662.44140625,0.0,32.875,22,623.4529237747192,622.824239730835
2026-01-07T18:44:52.371455,2.4,22.9,3666.51953125,0.0,32.875,22,623.4616260528564,622.8411540985107
2026-01-07T18:44:53.421964,1.7,22.9,3664.4765625,0.0,32.875,22,623.4700803756714,622.861515045166
2026-01-07T18:44:54.471313,1.4,22.9,3667.01953125,0.0,32.875,22,623.4785232543945,622.8835144042969
2026-01-07T18:44:55.519716,2.1,22.9,3661.94921875,0.0,32.875,22,623.488094329834,622.9017763137817
2026-01-07T18:44:56.567208,2.4,22.9,3663.98828125,0.0,32.875,22,623.497052192688,622.9194536209106
2026-01-07T18:44:57.615923,2.6,22.9,3668.77734375,0.0,32.875,24,623.5117855072021,622.9523878097534
2026-01-07T18:44:58.664628,3.8,23.0,3677.546875,0.0,32.875,24,623.6932649612427,622.9960060119629
2026-01-07T18:44:59.713781,1.9,23.0,3671.34375,0.0,32.875,24,623.7017288208008,623.0141334533691
2026-01-07T18:45:00.764461,2.4,23.0,3671.671875,0.0,32.875,24,623.7137289047241,623.0381088256836
2026-01-07T18:45:01.812223,2.6,23.0,3674.61328125,0.0,32.875,24,623.7223968505859,623.0561609268188
2026-01-07T18:45:02.862435,2.4,23.0,3681.4765625,0.0,32.875,24,623.7319087982178,623.0835599899292
2026-01-07T18:45:03.910066,1.4,23.0,3677.91796875,0.0,32.875,24,623.7407703399658,623.1084938049316
2026-01-07T18:45:04.966483,1.9,23.0,3678.0,0.0,32.875,24,623.74986743927,623.1322040557861
2026-01-07T18:45:06.018288,1.9,23.0,3677.65625,0.0,32.875,24,623.7596569061279,623.1499872207642
2026-01-07T18:45:07.068446,3.1,23.0,3678.71875,0.0,32.875,24,623.7681369781494,623.1661386489868
2026-01-07T18:45:08.118483,2.2,23.0,3673.15625,0.0,32.875,23,623.7934074401855,623.1860656738281
2026-01-07T18:45:09.170576,1.9,23.0,3672.81640625,0.0,32.875,23,623.8021221160889,623.2067708969116
2026-01-07T18:45:10.227482,1.9,23.0,3672.1171875,0.0,32.875,23,623.8112812042236,623.230167388916
2026-01-07T18:45:11.279377,1.7,22.9,3666.13671875,0.0,32.875,23,623.820915222168,623.2518310546875
2026-01-07T18:45:12.328277,2.6,22.9,3668.17578125,0.0,32.875,23,623.8293075561523,623.269962310791
2026-01-07T18:45:13.377455,2.1,22.9,3670.24609375,0.0,32.875,23,623.8387107849121,623.2882232666016
2026-01-07T18:45:14.427516,1.9,22.9,3669.53125,0.0,32.875,23,623.8473920822144,623.3037986755371
2026-01-07T18:45:15.475837,1.7,22.9,3669.5703125,0.0,32.875,23,623.8570575714111,623.3244972229004
2026-01-07T18:45:16.526018,2.4,23.0,3674.3125,0.0,32.875,23,623.8659076690674,623.342001914978
2026-01-07T18:45:17.578746,2.6,23.0,3673.7421875,0.0,32.875,23,623.874758720398,623.3598251342773
2026-01-07T18:45:18.629367,3.6,23.0,3674.25390625,0.0,32.875,24,624.0602569580078,623.4086809158325
2026-01-07T18:45:19.676871,1.7,23.0,3675.33984375,0.0,32.875,24,624.0688829421997,623.4299068450928
2026-01-07T18:45:20.725391,1.4,23.0,3676.73828125,0.0,32.875,24,624.0786275863647,623.4501571655273
2026-01-07T18:45:21.778197,2.6,23.0,3682.81640625,0.0,32.875,24,624.0874910354614,623.4737510681152
2026-01-07T18:45:22.827520,1.9,23.0,3677.7421875,0.0,32.875,24,624.0963039398193,623.498701095581
2026-01-07T18:45:23.874985,1.7,23.0,3680.8984375,0.0,32.875,24,624.1050662994385,623.5222415924072
2026-01-07T18:45:24.926033,1.7,23.0,3676.0546875,0.0,32.875,24,624.1143674850464,623.54368019104
2026-01-07T18:45:25.977686,1.9,23.0,3676.13671875,0.0,32.875,24,624.1242027282715,623.5614652633667
2026-01-07T18:45:27.033604,3.1,23.0,3678.43359375,0.0,32.875,24,624.1328897476196,623.5804128646851
2026-01-07T18:45:28.084531,1.9,23.0,3683.59765625,0.0,32.875,24,624.1580743789673,623.6095314025879
2026-01-07T18:45:29.153226,2.1,23.0,3682.03515625,0.0,32.875,24,624.1665725708008,623.6351270675659
2026-01-07T18:45:30.204034,2.1,23.0,3681.87109375,0.0,32.875,24,624.1758422851562,623.6623306274414
2026-01-07T18:45:31.263566,2.1,23.0,3681.953125,0.0,32.875,24,624.1855888366699,623.6835231781006
2026-01-07T18:45:32.315129,2.4,23.0,3682.52734375,0.0,32.875,24,624.1941547393799,623.7048721313477
2026-01-07T18:45:33.374535,2.1,23.0,3676.7421875,0.0,32.875,24,624.2028503417969,623.7238340377808
2026-01-07T18:45:34.426309,2.4,23.0,3676.515625,0.0,32.875,24,624.2116718292236,623.750075340271
2026-01-07T18:45:35.478101,1.9,23.0,3675.69140625,0.0,32.875,24,624.2221364974976,623.773325920105
2026-01-07T18:45:36.527937,2.6,23.0,3683.53125,0.0,32.875,24,624.2312316894531,623.7910614013672
2026-01-07T18:45:37.577592,2.4,23.0,3676.60546875,0.0,32.875,24,624.239857673645,623.8069076538086
2026-01-07T18:45:38.630195,4.1,23.0,3682.765625,0.0,32.875,24,624.4345970153809,623.8521060943604
2026-01-07T18:45:39.681961,1.9,23.0,3682.25390625,0.0,32.875,24,624.4431781768799,623.8689069747925
2026-01-07T18:45:40.732716,1.9,23.0,3683.48828125,0.0,32.875,24,624.4527997970581,623.8875761032104
2026-01-07T18:45:41.783657,2.6,23.1,3688.42578125,0.0,32.875,24,624.461742401123,623.9063110351562
2026-01-07T18:45:42.837196,2.4,23.1,3687.078125,0.0,32.875,24,624.470193862915,623.9236364364624
2026-01-07T18:45:43.887102,2.1,23.0,3686.4140625,0.0,32.875,24,624.4786386489868,623.942385673523
2026-01-07T18:45:44.937513,1.7,23.1,3686.45703125,0.0,32.875,24,624.4876050949097,623.9614791870117
2026-01-07T18:45:45.988650,1.7,23.0,3685.421875,0.0,32.875,24,624.4973821640015,623.9804058074951
2026-01-07T18:45:47.041611,2.9,23.1,3687.41796875,0.0,32.875,24,624.5067596435547,623.9996042251587
2026-01-07T18:45:48.094351,2.6,23.1,3686.890625,0.0,32.875,24,624.5464763641357,624.0393991470337
2026-01-07T18:45:49.144360,1.7,23.0,3680.56640625,0.0,32.875,24,624.5551891326904,624.056770324707
2026-01-07T18:45:50.196656,1.7,23.0,3680.58984375,0.0,32.875,24,624.5638618469238,624.0730390548706
2026-01-07T18:45:51.246960,1.7,23.0,3673.16015625,0.0,32.875,24,624.5733575820923,624.0913190841675
2026-01-07T18:45:52.301092,3.1,23.0,3685.0234375,0.0,32.875,24,624.588189125061,624.1190404891968
2026-01-07T18:45:53.355764,2.4,23.0,3684.35546875,0.0,32.875,24,624.5969409942627,624.1369771957397
2026-01-07T18:45:54.405609,1.7,23.0,3683.2890625,0.0,32.875,24,624.6056327819824,624.1591873168945
2026-01-07T18:45:55.455575,8.1,23.2,3716.828125,0.0,32.875,24,624.6153011322021,624.1772804260254
2026-01-07T18:45:56.505789,4.8,23.2,3706.34375,0.0,32.875,24,624.6256923675537,624.1955108642578
2026-01-07T18:45:57.562796,2.6,23.2,3705.05078125,0.0,32.875,23,624.6350555419922,624.2206859588623
2026-01-07T18:45:58.611667,4.0,23.1,3696.58203125,0.0,32.875,23,624.8065090179443,624.2530813217163
2026-01-07T18:45:59.660585,1.7,23.1,3692.48828125,0.0,32.875,23,624.8151655197144,624.2736005783081
2026-01-07T18:46:00.709364,2.1,23.1,3692.56640625,0.0,32.875,23,624.8249158859253,624.2929410934448
2026-01-07T18:46:01.777402,2.8,23.1,3693.35546875,0.0,32.875,23,624.8334379196167,624.316611289978
2026-01-07T18:46:02.826068,2.1,23.1,3691.60546875,0.0,32.875,23,624.8421983718872,624.338436126709
2026-01-07T18:46:03.877364,1.7,23.1,3687.3125,0.0,32.875,23,624.8507719039917,624.359260559082
2026-01-07T18:46:04.929106,1.7,23.1,3687.140625,0.0,32.875,23,624.8595104217529,624.3746957778931
2026-01-07T18:46:05.980714,1.9,23.1,3686.9765625,0.0,32.875,23,624.8690843582153,624.3916082382202
2026-01-07T18:46:07.032786,3.1,23.1,3687.30078125,0.0,32.875,23,624.8777408599854,624.4138593673706
2026-01-07T18:46:08.088298,4.3,23.0,3682.26171875,0.0,32.875,24,625.064154624939,624.4620141983032
2026-01-07T18:46:09.144141,2.4,23.0,3681.89453125,0.0,32.875,24,625.0788469314575,624.484188079834
2026-01-07T18:46:10.193776,1.7,23.0,3681.7578125,0.0,32.875,24,625.087685585022,624.5035848617554
2026-01-07T18:46:11.246331,2.1,23.0,3681.5703125,0.0,32.875,24,625.0987129211426,624.524019241333
2026-01-07T18:46:12.301419,2.9,23.0,3681.98828125,0.0,32.875,24,625.1072969436646,624.5412855148315
2026-01-07T18:46:13.351433,2.2,23.0,3682.5,0.0,32.875,24,625.1158103942871,624.5588836669922
2026-01-07T18:46:14.400132,1.7,23.0,3679.82421875,0.0,32.875,24,625.1245269775391,624.5795593261719
2026-01-07T18:46:15.449587,1.9,23.0,3679.49609375,0.0,32.875,24,625.1342067718506,624.6005306243896
2026-01-07T18:46:16.498628,2.6,23.0,3677.5703125,0.0,32.875,24,625.1430463790894,624.6194200515747
2026-01-07T18:46:17.550339,2.4,23.0,3683.2109375,0.0,32.875,24,625.1520357131958,624.637659072876
2026-01-07T18:46:18.602178,2.1,23.0,3676.8359375,0.0,32.875,24,625.1918306350708,624.6760501861572
2026-01-07T18:46:19.651439,1.7,23.0,3682.328125,0.0,32.875,24,625.200982093811,624.694504737854
2026-01-07T18:46:20.701035,1.4,23.0,3682.1640625,0.0,32.875,24,625.2108736038208,624.7137107849121
2026-01-07T18:46:21.749473,2.4,23.0,3682.2421875,0.0,32.875,24,625.2195405960083,624.7389850616455
2026-01-07T18:46:22.799621,1.9,23.0,3681.59765625,0.0,32.875,24,625.2280044555664,624.7557020187378
2026-01-07T18:46:23.848558,1.7,23.0,3673.60546875,0.0,32.875,24,625.2366552352905,624.7714309692383
2026-01-07T18:46:24.899348,1.9,23.0,3679.296875,0.0,32.875,24,625.2457675933838,624.7915143966675
2026-01-07T18:46:25.954303,2.1,23.0,3680.9921875,0.0,32.875,24,625.2549562454224,624.8116235733032
2026-01-07T18:46:27.012234,2.8,23.0,3679.9296875,0.0,32.875,24,625.263445854187,624.8320007324219
2026-01-07T18:46:28.062251,3.6,23.0,3683.49609375,0.0,32.875,24,625.4343032836914,624.8736934661865
2026-01-07T18:46:29.110098,1.7,23.0,3684.8828125,0.0,32.875,24,625.4434089660645,624.8986892700195
2026-01-07T18:46:30.160236,1.7,23.0,3684.421875,0.0,32.875,24,625.4524097442627,624.9214763641357
2026-01-07T18:46:31.211544,2.1,23.0,3679.48046875,0.0,32.875,24,625.4625949859619,624.9431047439575
2026-01-07T18:46:32.261322,2.4,23.0,3680.8125,0.0,32.875,24,625.4713163375854,624.9638252258301
2026-01-07T18:46:33.308745,1.7,23.0,3681.70703125,0.0,32.875,24,625.4799604415894,624.9802780151367
2026-01-07T18:46:34.355353,2.4,23.0,3678.35546875,0.0,32.875,24,625.4885396957397,625.0272750854492
2026-01-07T18:46:35.407967,2.1,23.0,3684.82421875,0.0,32.875,24,625.4984617233276,625.0482311248779
2026-01-07T18:46:36.457488,2.4,23.1,3686.8984375,0.0,32.875,24,625.5069074630737,625.0688848495483
2026-01-07T18:46:37.506177,2.2,23.0,3679.12109375,0.0,32.875,24,625.5152196884155,625.0927257537842
2026-01-07T18:46:38.558144,4.0,23.0,3678.2265625,0.0,32.875,24,625.6980113983154,625.1441736221313
2026-01-07T18:46:39.618193,1.9,23.0,3677.0546875,0.0,32.875,24,625.7068634033203,625.171802520752
2026-01-07T18:46:40.672250,1.9,23.0,3676.65625,0.0,32.875,24,625.7166242599487,625.191969871521
2026-01-07T18:46:41.720691,2.4,23.0,3678.71484375,0.0,32.875,24,625.7259902954102,625.2100820541382
2026-01-07T18:46:42.767959,1.9,23.0,3678.44921875,0.0,32.875,24,625.7345361709595,625.2308654785156
2026-01-07T18:46:43.816952,1.7,23.0,3673.57421875,0.0,32.875,24,625.7430458068848,625.2523250579834
2026-01-07T18:46:44.865232,1.9,23.0,3673.90234375,0.0,32.875,24,625.7516174316406,625.2691526412964
2026-01-07T18:46:45.913639,1.4,23.0,3678.55078125,0.0,32.875,24,625.761417388916,625.2891893386841
2026-01-07T18:46:46.971051,3.1,23.0,3678.74609375,0.0,32.875,24,625.7704229354858,625.3090934753418
2026-01-07T18:46:48.029468,3.8,23.0,3674.44140625,0.0,32.875,24,625.9545631408691,625.3535499572754
2026-01-07T18:46:49.084606,1.9,22.9,3667.8203125,0.0,32.875,24,625.9630746841431,625.3716115951538
2026-01-07T18:46:50.133329,1.7,23.0,3672.5390625,0.0,32.875,24,625.9721260070801,625.3933334350586
2026-01-07T18:46:51.184735,1.7,23.0,3672.41796875,0.0,32.875,24,625.981559753418,625.4125871658325
2026-01-07T18:46:52.239418,2.4,23.0,3675.47265625,0.0,32.875,24,625.990198135376,625.4314775466919
2026-01-07T18:46:53.287883,1.9,23.0,3675.01171875,0.0,32.875,24,625.9992752075195,625.4518022537231
2026-01-07T18:46:54.335889,1.7,23.0,3674.30078125,0.0,32.875,24,626.0077981948853,625.4705743789673
2026-01-07T18:46:55.383103,1.9,23.0,3674.3828125,0.0,32.875,24,626.0175323486328,625.4937868118286
2026-01-07T18:46:56.434929,2.4,23.0,3675.29296875,0.0,32.875,24,626.0264301300049,625.5132360458374
2026-01-07T18:46:57.481969,2.4,23.0,3678.42578125,0.0,32.875,24,626.0349931716919,625.5307722091675
2026-01-07T18:46:58.533876,2.4,23.0,3677.65625,0.0,32.875,24,626.0604953765869,625.5626258850098
2026-01-07T18:46:59.581876,1.7,23.0,3674.36328125,0.0,32.875,23,626.0691804885864,625.5821495056152
2026-01-07T18:47:00.631123,2.1,23.0,3674.44140625,0.0,32.875,23,626.0789813995361,625.6024436950684
2026-01-07T18:47:01.678734,2.2,23.0,3675.75,0.0,32.875,23,626.0878391265869,625.6215343475342
2026-01-07T18:47:02.729905,1.9,23.0,3676.08203125,0.0,32.875,23,626.096417427063,625.6421318054199
2026-01-07T18:47:03.778083,1.9,23.0,3675.58984375,0.0,32.875,23,626.104681968689,625.6664323806763
2026-01-07T18:47:04.828432,1.9,23.0,3675.4453125,0.0,32.875,23,626.1140594482422,625.692214012146
2026-01-07T18:47:05.879483,1.7,23.0,3675.26171875,0.0,32.875,23,626.1238288879395,625.7175951004028
2026-01-07T18:47:06.927427,2.4,23.0,3676.078125,0.0,32.875,23,626.1327724456787,625.7342929840088
2026-01-07T18:47:07.977215,4.3,23.0,3670.58203125,0.0,32.875,24,626.2965059280396,625.7750282287598
2026-01-07T18:47:09.030089,2.1,23.0,3673.23828125,0.0,32.875,24,626.3261766433716,625.7978162765503
2026-01-07T18:47:10.084140,1.9,23.0,3676.015625,0.0,32.875,24,626.33544921875,625.8471298217773
2026-01-07T18:47:11.136690,1.9,23.0,3671.70703125,0.0,32.875,24,626.3449592590332,625.8680820465088
2026-01-07T18:47:12.188642,2.6,23.0,3674.4921875,0.0,32.875,24,626.3535242080688,625.8893642425537
2026-01-07T18:47:13.238469,2.1,23.0,3673.953125,0.0,32.875,24,626.3624849319458,625.9066362380981
2026-01-07T18:47:14.295817,1.7,22.9,3666.48828125,0.0,32.875,24,626.3711175918579,625.9253282546997
2026-01-07T18:47:15.355946,2.1,23.0,3672.74609375,0.0,32.875,24,626.3808135986328,625.9685831069946
2026-01-07T18:47:16.405703,1.9,23.0,3673.04296875,0.0,32.875,24,626.3903732299805,625.9880828857422
2026-01-07T18:47:17.455881,2.6,23.0,3672.51171875,0.0,32.875,24,626.3988208770752,626.0065937042236
2026-01-07T18:47:18.505541,2.4,23.0,3672.73046875,0.0,32.875,24,626.4413986206055,626.048336982727
2026-01-07T18:47:19.554086,1.7,23.0,3672.57421875,0.0,32.875,24,626.4499731063843,626.0690078735352
2026-01-07T18:47:20.602285,1.7,23.0,3672.88671875,0.0,32.875,24,626.4596605300903,626.0916404724121
2026-01-07T18:47:21.651528,2.4,23.0,3674.71484375,0.0,32.875,24,626.4685401916504,626.1131973266602
2026-01-07T18:47:22.700724,1.7,23.0,3673.734375,0.0,32.875,24,626.4772520065308,626.1397495269775
2026-01-07T18:47:23.752949,1.9,23.0,3671.8125,0.0,32.875,24,626.4857511520386,626.164080619812
2026-01-07T18:47:24.807425,2.1,23.0,3671.41015625,0.0,32.875,24,626.494439125061,626.1908760070801
2026-01-07T18:47:25.865509,1.7,22.9,3666.23046875,0.0,32.875,24,626.5051364898682,626.2130575180054
2026-01-07T18:47:26.914725,2.4,23.0,3674.921875,0.0,32.875,24,626.514163017273,626.2300415039062
2026-01-07T18:47:27.962709,3.6,23.0,3672.98046875,0.0,32.875,24,626.6848840713501,626.2642021179199
2026-01-07T18:47:29.012678,2.1,23.0,3673.28125,0.0,32.875,24,626.6937675476074,626.2858066558838
2026-01-07T18:47:30.060723,1.7,23.0,3673.64453125,0.0,32.875,24,626.7030992507935,626.314206123352
2026-01-07T18:47:31.108799,1.4,23.0,3673.2578125,0.0,32.875,24,626.7129745483398,626.3371524810791
2026-01-07T18:47:32.157727,2.6,23.0,3676.04296875,0.0,32.875,24,626.7215366363525,626.3586196899414
2026-01-07T18:47:33.206991,1.9,23.0,3676.609375,0.0,32.875,24,626.7300987243652,626.3797292709351
2026-01-07T18:47:34.254037,1.9,23.0,3676.98828125,0.0,32.875,24,626.7386722564697,626.3990488052368
2026-01-07T18:47:35.313627,2.1,23.0,3673.54296875,0.0,32.875,24,626.7477378845215,626.4236516952515
2026-01-07T18:47:36.361750,1.9,23.0,3676.65625,0.0,32.875,24,626.7609796524048,626.4494705200195
2026-01-07T18:47:37.417670,3.8,23.0,3677.48046875,0.0,32.875,24,626.7703123092651,626.4675779342651
2026-01-07T18:47:38.473044,3.8,23.0,3679.140625,0.0,32.875,24,626.955976486206,626.5144205093384
2026-01-07T18:47:39.520830,1.4,23.0,3680.37109375,0.0,32.875,24,626.9647207260132,626.5317296981812
2026-01-07T18:47:40.568111,1.7,23.0,3675.96875,0.0,32.875,24,626.9746379852295,626.5518846511841
2026-01-07T18:47:41.616913,2.9,23.0,3675.28125,0.0,32.875,24,626.9831466674805,626.5671844482422
2026-01-07T18:47:42.667441,1.7,23.0,3674.85546875,0.0,32.875,24,626.9915914535522,626.5882482528687
2026-01-07T18:47:43.716385,1.7,23.0,3677.28515625,0.0,32.875,24,627.0004758834839,626.6067371368408
2026-01-07T18:47:44.762340,1.4,23.0,3674.0546875,0.0,32.875,24,627.0088872909546,626.6246719360352
2026-01-07T18:47:45.815965,2.1,23.0,3674.2265625,0.0,32.875,24,627.0187969207764,626.6457195281982
2026-01-07T18:47:46.865395,2.6,23.0,3673.33984375,0.0,32.875,24,627.0279588699341,626.6656332015991
2026-01-07T18:47:47.917644,2.6,23.0,3678.828125,0.0,32.875,24,627.0535078048706,626.6867017745972
2026-01-07T18:47:48.972128,1.9,23.0,3676.84765625,0.0,32.875,24,627.0626153945923,626.7077178955078
2026-01-07T18:47:50.025355,1.4,23.0,3676.69140625,0.0,32.875,24,627.071572303772,626.7227296829224
2026-01-07T18:47:51.074041,1.7,23.0,3676.54296875,0.0,32.875,24,627.0809125900269,626.7397546768188
2026-01-07T18:47:52.123656,2.4,23.0,3677.125,0.0,32.875,24,627.089789390564,626.7595138549805
2026-01-07T18:47:53.172026,1.7,23.0,3677.12890625,0.0,32.875,24,627.098611831665,626.7818880081177
2026-01-07T18:47:54.220576,1.9,23.0,3679.31640625,0.0,32.875,24,627.1075572967529,626.7962369918823
2026-01-07T18:47:55.268815,1.7,23.0,3678.26953125,0.0,32.875,24,627.1170177459717,626.8182153701782
2026-01-07T18:47:56.314606,2.2,23.0,3680.0703125,0.0,32.875,24,627.1276788711548,626.8361005783081
2026-01-07T18:47:57.362183,2.4,23.0,3680.0078125,0.0,32.875,24,627.1361999511719,626.8513841629028
2026-01-07T18:47:58.414102,3.6,23.0,3676.04296875,0.0,32.875,24,627.3196392059326,626.9052267074585
2026-01-07T18:47:59.465014,1.9,23.0,3674.15625,0.0,32.875,24,627.328330039978,626.9266242980957
2026-01-07T18:48:00.516510,2.4,23.0,3675.02734375,0.0,32.875,24,627.3389863967896,626.9491024017334
2026-01-07T18:48:01.567530,2.2,23.0,3676.7421875,0.0,32.875,24,627.3481569290161,626.9682836532593
2026-01-07T18:48:02.617314,1.9,23.0,3676.9609375,0.0,32.875,24,627.3571147918701,626.9932928085327
2026-01-07T18:48:03.670088,2.1,23.0,3674.02734375,0.0,32.875,24,627.3660745620728,627.0175628662109
2026-01-07T18:48:04.723535,1.9,23.0,3675.703125,0.0,32.875,24,627.3747701644897,627.036340713501
2026-01-07T18:48:05.779430,2.4,23.0,3675.375,0.0,32.875,24,627.384030342102,627.0540657043457
2026-01-07T18:48:06.841322,2.6,23.0,3679.6875,0.0,32.875,24,627.3927268981934,627.0698289871216
2026-01-07T18:48:07.890371,3.6,23.0,3675.98046875,0.0,32.875,24,627.5166149139404,627.100793838501
2026-01-07T18:48:08.940133,1.9,23.0,3675.734375,0.0,32.875,23,627.5255289077759,627.1204290390015
2026-01-07T18:48:09.991277,1.7,23.0,3674.3515625,0.0,32.875,23,627.534987449646,627.1372900009155
2026-01-07T18:48:11.043219,2.1,22.9,3666.65625,0.0,32.875,23,627.5453796386719,627.1587724685669
2026-01-07T18:48:12.096411,2.4,23.0,3671.34765625,0.0,32.875,23,627.5542154312134,627.1765470504761
2026-01-07T18:48:13.145324,1.9,23.0,3671.10546875,0.0,32.875,23,627.5630302429199,627.1935272216797
2026-01-07T18:48:14.196181,1.9,23.0,3672.62890625,0.0,32.875,23,627.571590423584,627.2102470397949
2026-01-07T18:48:15.245412,1.9,23.0,3671.57421875,0.0,32.875,23,627.5804796218872,627.2316007614136
2026-01-07T18:48:16.292232,1.4,23.0,3674.15234375,0.0,32.875,23,627.5900936126709,627.2510566711426
2026-01-07T18:48:17.342786,2.9,22.9,3670.20703125,0.0,32.875,23,627.5992279052734,627.2723112106323
2026-01-07T18:48:18.393978,3.8,23.0,3673.70703125,0.0,32.875,24,627.7863349914551,627.3223342895508
2026-01-07T18:48:19.443329,1.4,23.0,3673.0078125,0.0,32.875,24,627.7949113845825,627.3404388427734
2026-01-07T18:48:20.492558,2.1,23.0,3672.84375,0.0,32.875,24,627.8048372268677,627.3597459793091
2026-01-07T18:48:21.543217,2.4,23.0,3677.0234375,0.0,32.875,24,627.8138761520386,627.3783445358276
2026-01-07T18:48:22.590400,1.9,23.0,3678.89453125,0.0,32.875,24,627.8230056762695,627.399847984314
2026-01-07T18:48:23.640429,1.7,23.0,3672.6328125,0.0,32.875,24,627.8314952850342,627.4413042068481
2026-01-07T18:48:24.686677,1.4,23.0,3677.42578125,0.0,32.875,24,627.8403253555298,627.4596090316772
2026-01-07T18:48:25.734241,1.7,23.0,3677.27734375,0.0,32.875,24,627.8502912521362,627.4831190109253
2026-01-07T18:48:26.786280,2.4,23.0,3679.09375,0.0,32.875,24,627.8593997955322,627.5048980712891
2026-01-07T18:48:27.837961,2.6,23.0,3678.6953125,0.0,32.875,24,627.8994836807251,627.5469741821289
2026-01-07T18:48:28.887028,1.9,23.0,3671.828125,0.0,32.875,23,627.9080629348755,627.575177192688
2026-01-07T18:48:29.935140,1.9,23.0,3671.7109375,0.0,32.875,23,627.9170598983765,627.6039066314697
2026-01-07T18:48:30.985867,1.7,23.0,3671.79296875,0.0,32.875,23,627.9263515472412,627.6269655227661
2026-01-07T18:48:32.036703,2.4,23.0,3672.5859375,0.0,32.875,23,627.9350261688232,627.646107673645
2026-01-07T18:48:33.087523,3.6,23.0,3674.4765625,0.0,32.875,23,627.9619035720825,627.6804399490356
2026-01-07T18:48:34.140072,2.4,23.0,3674.40234375,0.0,32.875,23,627.9789533615112,627.7051239013672
2026-01-07T18:48:35.186695,1.9,23.0,3674.48828125,0.0,32.875,23,627.9887046813965,627.7262516021729
2026-01-07T18:48:36.235446,20.6,23.1,3689.078125,0.0,32.875,23,628.1341352462769,628.0009632110596
2026-01-07T18:48:37.349803,50.6,23.7,3787.83203125,0.0,32.875,43,660.0605382919312,659.9593238830566
2026-01-07T18:48:38.664515,90.1,24.1,3851.59765625,0.0,32.875,43,695.6286563873291,695.3933238983154
2026-01-07T18:48:39.965185,88.3,24.4,3900.30078125,0.0,32.875,43,769.5324897766113,769.3454599380493
2026-01-07T18:48:41.253060,82.3,24.5,3919.609375,0.0,32.875,43,822.8991832733154,822.7265892028809
2026-01-07T18:48:42.459748,89.2,24.6,3937.9453125,0.0,32.875,43,868.5118856430054,868.3533487319946
2026-01-07T18:48:43.764063,90.6,24.8,3966.22265625,0.0,32.875,43,941.1483678817749,941.0472993850708
2026-01-07T18:48:45.070255,94.3,25.2,4036.03515625,0.0,32.875,43,988.3217906951904,988.2710390090942
2026-01-07T18:48:46.560190,92.7,25.6,4096.9375,0.0,32.875,43,1044.2203159332275,1044.1819734573364
2026-01-07T18:48:47.770441,91.8,25.7,4109.4921875,0.0,32.875,44,1106.1955881118774,1106.1549825668335
2026-01-07T18:48:49.070471,89.8,25.7,4116.37890625,0.0,32.875,44,1167.5730648040771,1167.4005041122437
2026-01-07T18:48:50.449651,82.2,25.7,4108.39453125,0.0,32.875,44,1228.6334228515625,1228.476360321045
2026-01-07T18:48:51.668202,90.4,25.7,4105.58984375,0.0,32.875,44,1283.1457681655884,1283.0088834762573
2026-01-07T18:48:52.874203,84.2,25.7,4104.609375,0.0,32.875,44,1352.610535621643,1352.4883422851562
2026-01-07T18:48:54.449900,91.1,25.7,4117.6171875,0.0,32.875,44,1439.5668668746948,1439.4565153121948
2026-01-07T18:48:55.849427,88.7,25.8,4118.7265625,0.0,32.875,44,1508.6801309585571,1508.5889158248901
2026-01-07T18:48:57.066205,83.6,25.7,4110.32421875,0.0,32.875,44,1562.778118133545,1562.698341369629
2026-01-07T18:48:58.363820,91.5,25.7,4109.5234375,0.0,32.875,44,1618.9368362426758,1618.856559753418
2026-01-07T18:48:59.677203,88.1,25.8,4125.171875,0.0,32.875,44,1691.5719242095947,1691.5125436782837
2026-01-07T18:49:00.952059,84.2,25.7,4111.140625,0.0,32.875,44,1739.5985097885132,1739.5491209030151
2026-01-07T18:49:02.166672,88.7,25.7,4107.39453125,0.0,32.875,44,1810.7844877243042,1810.746353149414
2026-01-07T18:49:03.563842,90.8,25.0,3996.00390625,0.0,32.875,44,1878.9657669067383,1878.9409227371216
2026-01-07T18:49:04.849731,84.9,24.9,3985.2421875,0.0,32.875,44,1937.2872247695923,1937.2819375991821
2026-01-07T18:49:06.065020,91.9,24.9,3987.45703125,0.0,32.875,44,2006.3275337219238,2006.3377494812012
2026-01-07T18:49:07.452213,86.7,24.9,3986.546875,0.0,32.875,44,2076.203577041626,2076.227493286133
2026-01-07T18:49:08.670179,89.8,24.9,3988.2109375,0.0,32.875,44,2130.181324005127,2130.067410469055
2026-01-07T18:49:10.171887,62.8,24.6,3929.34375,0.0,32.875,44,2160.423234939575,2160.321865081787
2026-01-07T18:49:11.351096,18.3,24.8,3967.00390625,0.0,32.875,44,2160.644648551941,2160.350700378418
2026-01-07T18:49:12.403183,5.5,24.8,3971.27734375,0.0,32.875,44,2160.670087814331,2160.410717010498
2026-01-07T18:49:13.452190,2.1,24.8,3970.80078125,0.0,32.875,44,2160.680205345154,2160.4309453964233
2026-01-07T18:49:14.499977,1.7,24.8,3967.5390625,0.0,32.875,44,2160.688973426819,2160.4477643966675
2026-01-07T18:49:15.549362,2.4,24.8,3967.0390625,0.0,32.875,44,2160.7004251480103,2160.4688596725464
